"","alcaldia","colonia","clave_colonia","total_210206","total_210207"
"1","AZCAPOTZALCO","ARENAL","02-006",NA,NA
"2","AZCAPOTZALCO","CUITLHUAC 3 Y 4 (U HAB)","02-014",NA,6
"3","AZCAPOTZALCO","DEL GAS","02-015",10,10
"4","AZCAPOTZALCO","DEL RECREO","02-018",26,23
"5","AZCAPOTZALCO","EL ROSARIO C (U HAB)","02-025",40,37
"6","AZCAPOTZALCO","NUEVO SAN RAFAEL (BARR)","02-053",NA,NA
"7","AZCAPOTZALCO","SAN  MIGUEL AMANTLA (PBLO)","02-069",14,12
"8","AZCAPOTZALCO","SAN JUAN TLIHUACA (PBLO)","02-079",25,24
"9","AZCAPOTZALCO","SAN MARCOS (BARR)","02-080",13,14
"10","AZCAPOTZALCO","SAN PEDRO XALPA (PBLO)","02-085",22,17
"11","AZCAPOTZALCO","SANTIAGO AHUIZOTLA (PBLO)","02-097",35,32
"12","AZCAPOTZALCO","SANTO TOMAS","02-099",NA,NA
"13","AZCAPOTZALCO","TEZOZOMOC","02-102",26,24
"14","AZCAPOTZALCO","TLATILCO","02-104",8,6
"15","AZCAPOTZALCO","SAN PEDRO XALPA (AMPL) I","02-111",37,35
"16","AZCAPOTZALCO","SAN PEDRO XALPA (AMPL) II","02-112",34,31
"17","COYOACAN","CTM V CULHUACAN (U HAB)","03-029",23,23
"18","COYOACAN","CTM VI CULHUACAN (U HAB)","03-030",21,21
"19","COYOACAN","CTM VII CULHUACAN (U HAB)","03-031",21,19
"20","COYOACAN","DE LA CANDELARIA (PBLO)","03-036",28,28
"21","COYOACAN","DEL CARMEN","03-037",17,13
"22","COYOACAN","EDUCACION","03-039",19,20
"23","COYOACAN","LOS REYES (PBLO)","03-078",39,39
"24","COYOACAN","PRADO CHURUBUSCO","03-094",15,15
"25","COYOACAN","SAN FRANCISCO CULHUACAN (PBLO)","03-101",49,49
"26","COYOACAN","SANTA URSULA COAPA (PBLO)","03-109",36,35
"27","COYOACAN","VIEJO EJIDO SANTA URSULA COAPA","03-113",28,25
"28","COYOACAN","VILLA COYOACAN","03-114",6,8
"29","COYOACAN","AJUSCO I","03-128",24,24
"30","COYOACAN","AJUSCO II","03-129",47,43
"31","COYOACAN","PEDREGAL DE SANTA URSULA I","03-135",56,57
"32","COYOACAN","PEDREGAL DE SANTA URSULA II","03-136",49,48
"33","COYOACAN","PEDREGAL DE SANTA URSULA III","03-137",51,51
"34","COYOACAN","PEDREGAL DE STO DOMINGO I","03-139",20,19
"35","COYOACAN","PEDREGAL DE STO DOMINGO II","03-140",34,29
"36","COYOACAN","PEDREGAL DE STO DOMINGO IV","03-142",64,65
"37","COYOACAN","PEDREGAL DE STO DOMINGO V","03-143",32,29
"38","COYOACAN","PEDREGAL DE STO DOMINGO VI","03-144",27,26
"39","COYOACAN","PEDREGAL DE STO DOMINGO VII","03-145",26,25
"40","COYOACAN","PEDREGAL DE STO DOMINGO IX","03-147",17,16
"41","CUAJIMALPA DE MORELOS","EL CONTADERO","04-015",NA,NA
"42","CUAJIMALPA DE MORELOS","LA PILA","04-023",7,9
"43","CUAJIMALPA DE MORELOS","LAS LAJAS","04-026",NA,NA
"44","CUAJIMALPA DE MORELOS","TEXCALCO","04-027",NA,NA
"45","CUAJIMALPA DE MORELOS","LOMA DEL PADRE","04-030",9,7
"46","CUAJIMALPA DE MORELOS","NAVIDAD (GRANJAS DE NAVIDAD)","04-036",56,53
"47","CUAJIMALPA DE MORELOS","PALO ALTO (GRANJAS)","04-038",10,10
"48","CUAJIMALPA DE MORELOS","SAN LORENZO ACOPILCO (PBLO)","04-045",16,14
"49","CUAJIMALPA DE MORELOS","SAN MATEO TLALTENANGO (PBLO)","04-046",11,11
"50","CUAJIMALPA DE MORELOS","ZENTLAPATL","04-052",NA,NA
"51","CUAJIMALPA DE MORELOS","SAN PEDRO CUAJIMALPA (PBLO)","04-056",42,34
"52","CUAJIMALPA DE MORELOS","SAN JOSE DE LOS CEDROS I","04-058",25,22
"53","CUAJIMALPA DE MORELOS","SAN JOSE DE LOS CEDROS II","04-059",21,18
"54","GUSTAVO A. MADERO","CONSTITUCION DE LA REPUBLICA","05-029",30,28
"55","GUSTAVO A. MADERO","CUCHILLA DEL TESORO","05-035",42,43
"56","GUSTAVO A. MADERO","DEL BOSQUE","05-038",13,13
"57","GUSTAVO A. MADERO","EJIDOS SAN JUAN DE ARAGON 1A SECCION (U HAB)","05-043",7,7
"58","GUSTAVO A. MADERO","EL ARBOLILLO 1 (U HAB)","05-046",NA,NA
"59","GUSTAVO A. MADERO","GABRIEL HERNANDEZ","05-063",30,31
"60","GUSTAVO A. MADERO","LA JOYA","05-102",24,20
"61","GUSTAVO A. MADERO","LA PURISIMA TICOMAN (BARR)","05-111",18,15
"62","GUSTAVO A. MADERO","LINDAVISTA VALLEJO (U HAB)","05-113",12,12
"63","GUSTAVO A. MADERO","LOMA DE LA PALMA","05-114",28,26
"64","GUSTAVO A. MADERO","MARTIRES DE RIO BLANCO","05-124",22,20
"65","GUSTAVO A. MADERO","NUEVA TENOCHTITLAN","05-130",43,37
"66","GUSTAVO A. MADERO","NUEVA VALLEJO","05-131",14,14
"67","GUSTAVO A. MADERO","PALMATITLA","05-132",31,28
"68","GUSTAVO A. MADERO","SALVADOR DIAZ MIRON","05-149",17,16
"69","GUSTAVO A. MADERO","SAN BARTOLO ATEPEHUACAN (PBLO)","05-151",16,18
"70","GUSTAVO A. MADERO","SAN JUAN DE ARAGON (PBLO)","05-156",49,48
"71","GUSTAVO A. MADERO","SAN JUAN DE ARAGON 3A SECCION (U HAB) I","05-159",17,15
"72","GUSTAVO A. MADERO","SANTA ISABEL TOLA (PBLO)","05-170",57,56
"73","GUSTAVO A. MADERO","TEPEYAC INSURGENTES","05-181",33,31
"74","GUSTAVO A. MADERO","TORRES DE QUIROGA (U HAB)","05-185",19,17
"75","GUSTAVO A. MADERO","25 DE JULIO","05-208",17,16
"76","GUSTAVO A. MADERO","CASAS ALEMAN (AMPL) I","05-217",43,40
"77","GUSTAVO A. MADERO","GABRIEL HERNANDEZ (AMPL) II","05-222",19,20
"78","GUSTAVO A. MADERO","INDUSTRIAL I","05-223",21,19
"79","GUSTAVO A. MADERO","NUEVA ATZACOALCO II","05-230",44,37
"80","GUSTAVO A. MADERO","NUEVA ATZACOALCO III","05-231",28,27
"81","GUSTAVO A. MADERO","SAN FELIPE DE JESUS I","05-237",12,9
"82","GUSTAVO A. MADERO","SAN FELIPE DE JESUS II","05-238",34,32
"83","GUSTAVO A. MADERO","SAN FELIPE DE JESUS III","05-239",48,43
"84","GUSTAVO A. MADERO","SAN FELIPE DE JESUS IV","05-240",52,55
"85","GUSTAVO A. MADERO","SAN JUAN DE ARAGON 1A SECCION (U HAB) I","05-241",24,22
"86","GUSTAVO A. MADERO","SAN JUAN DE ARAGON 1A SECCION (U HAB) II","05-242",35,35
"87","GUSTAVO A. MADERO","SAN JUAN DE ARAGON 4A  Y 5A SECCION (U HAB) II","05-246",22,19
"88","GUSTAVO A. MADERO","SAN JUAN DE ARAGON 7 SECC (U HAB) II","05-248",13,10
"89","GUSTAVO A. MADERO","VALLEJO II","05-250",23,22
"90","GUSTAVO A. MADERO","ZONA ESCOLAR I","05-251",28,27
"91","GUSTAVO A. MADERO","ZONA ESCOLAR II","05-252",25,20
"92","IZTACALCO","SANTA ANITA","06-032",54,55
"93","IZTACALCO","TLACOTAL RAMOS MILLAN","06-036",28,27
"94","IZTACALCO","VIADUCTO PIEDAD","06-038",12,12
"95","IZTACALCO","AGRICOLA ORIENTAL II","06-041",18,16
"96","IZTACALCO","AGRICOLA ORIENTAL V","06-044",23,21
"97","IZTACALCO","CAMPAMENTO 2 DE OCTUBRE I","06-048",35,34
"98","IZTACALCO","CAMPAMENTO 2 DE OCTUBRE II","06-049",14,15
"99","IZTACALCO","GRANJAS MEXICO I","06-050",27,23
"100","IZTACALCO","GRANJAS MEXICO II","06-051",12,12
"101","IZTACALCO","JUVENTINO ROSAS I","06-054",19,17
"102","IZTACALCO","PANTITLAN II","06-057",33,30
"103","IZTACALCO","PANTITLAN III","06-058",15,13
"104","IZTACALCO","PANTITLAN IV","06-059",38,39
"105","IZTACALCO","PANTITLAN V","06-060",57,56
"106","IZTACALCO","RAMOS MILLAN BRAMADERO I","06-061",36,32
"107","IZTAPALAPA","CITLALLI","07-030",25,22
"108","IZTAPALAPA","EL MANTO","07-051",51,46
"109","IZTAPALAPA","EL MIRADOR","07-053",26,25
"110","IZTAPALAPA","EL SANTUARIO","07-060",21,17
"111","IZTAPALAPA","EL VERGEL","07-066",29,23
"112","IZTAPALAPA","ESCUADRON 201","07-071",34,34
"113","IZTAPALAPA","FUEGO NUEVO","07-077",14,13
"114","IZTAPALAPA","GUADALUPE DEL MORAL","07-088",64,63
"115","IZTAPALAPA","JACARANDAS","07-097",57,48
"116","IZTAPALAPA","LA PLANTA","07-113",18,16
"117","IZTAPALAPA","LAS PEAS I","07-118",16,15
"118","IZTAPALAPA","MIRASOLES (U HAB)","07-142",25,25
"119","IZTAPALAPA","PRESIDENTES DE MEXICO","07-162",34,34
"120","IZTAPALAPA","SAN ANTONIO (BARR)","07-177",64,61
"121","IZTAPALAPA","SAN JUAN JOYA (PJE)","07-186",NA,NA
"122","IZTAPALAPA","SAN LORENZO TEZONCO (PBLO)","07-191",46,45
"123","IZTAPALAPA","SANTA MARTHA ACATITLA","07-215",20,19
"124","IZTAPALAPA","SOLIDARIDAD EL SALADO (U HAB)","07-225",13,13
"125","IZTAPALAPA","TENORIOS","07-229",29,28
"126","IZTAPALAPA","VALLE DE LUCES I","07-237",14,13
"127","IZTAPALAPA","CERRO DE LA ESTRELLA I","07-260",21,17
"128","IZTAPALAPA","CONSEJO AGRARISTA MEXICANO I","07-264",63,58
"129","IZTAPALAPA","CONSTITUCION DE 1917 I","07-266",16,16
"130","IZTAPALAPA","DESARROLLO URBANO QUETZALCOATL  I","07-268",27,24
"131","IZTAPALAPA","DESARROLLO URBANO QUETZALCOATL  II","07-269",66,67
"132","IZTAPALAPA","DESARROLLO URBANO QUETZALCOATL  III","07-270",56,56
"133","IZTAPALAPA","LOMAS DE SAN LORENZO I","07-283",101,97
"134","IZTAPALAPA","LOMAS DE SAN LORENZO II","07-284",70,66
"135","IZTAPALAPA","SAN JUAN XALPA I","07-289",27,24
"136","IZTAPALAPA","SAN MIGUEL TEOTONGO II","07-292",47,42
"137","IZTAPALAPA","STA MARTHA ACATITLA NTE (AMPL) I","07-299",25,23
"138","IZTAPALAPA","TEPALCATES I","07-301",21,19
"139","IZTAPALAPA","VALLE DE SAN LORENZO I","07-303",30,31
"140","LA MAGDALENA CONTRERAS","BARRANCA SECA","08-002",18,18
"141","LA MAGDALENA CONTRERAS","CAZULCO (BARR)","08-004",NA,NA
"142","LA MAGDALENA CONTRERAS","CUAUHTEMOC","08-005",33,31
"143","LA MAGDALENA CONTRERAS","EL OCOTAL","08-009",40,39
"144","LA MAGDALENA CONTRERAS","EL ROSAL","08-010",39,35
"145","LA MAGDALENA CONTRERAS","EL TANQUE","08-011",36,37
"146","LA MAGDALENA CONTRERAS","HEROES DE PADIERNA","08-013",24,23
"147","LA MAGDALENA CONTRERAS","HUAYATLA","08-014",29,25
"148","LA MAGDALENA CONTRERAS","LA CARBONERA","08-020",12,13
"149","LA MAGDALENA CONTRERAS","LA CRUZ","08-022",24,21
"150","LA MAGDALENA CONTRERAS","LA MALINCHE","08-025",50,49
"151","LA MAGDALENA CONTRERAS","LAS CRUCES","08-027",59,54
"152","LA MAGDALENA CONTRERAS","LOMAS DE SAN BERNABE","08-030",40,40
"153","LA MAGDALENA CONTRERAS","LOMAS DE SAN BERNABE (AMPL)","08-031",30,28
"154","LA MAGDALENA CONTRERAS","LOMAS QUEBRADAS","08-032",23,25
"155","LA MAGDALENA CONTRERAS","LOS PADRES","08-033",30,28
"156","LA MAGDALENA CONTRERAS","POTRERILLO","08-036",12,10
"157","LA MAGDALENA CONTRERAS","PUEBLO NUEVO ALTO","08-038",21,20
"158","LA MAGDALENA CONTRERAS","PUEBLO NUEVO BAJO","08-039",9,8
"159","LA MAGDALENA CONTRERAS","SAN BARTOLO AMEYALCO","08-041",12,9
"160","LA MAGDALENA CONTRERAS","SAN BERNABE OCOTEPEC (PBLO)","08-042",40,35
"161","LA MAGDALENA CONTRERAS","SAN JERONIMO ACULCO - LIDICE (PBLO)","08-045",44,39
"162","LA MAGDALENA CONTRERAS","SAN NICOLAS TOTOLAPAN (PBLO)","08-048",84,82
"163","LA MAGDALENA CONTRERAS","TIERRA UNIDA","08-052",20,14
"164","MILPA ALTA","SAN ANTONIO TECOMITL (PBLO)","09-002",147,148
"165","MILPA ALTA","SAN BARTOLOME XICOMULCO (PBLO)","09-003",42,42
"166","MILPA ALTA","SAN FRANCISCO TECOXPA (PBLO)","09-004",13,11
"167",NA,NA,"09-008",83,79
"168","MILPA ALTA","SAN PEDRO ATOCPAN (PBLO)","09-009",41,31
"169","MILPA ALTA","SAN SALVADOR CUAUHTENCO (PBLO)","09-010",55,55
"170","MILPA ALTA","SANTA ANA TLACOTENCO (PBLO)","09-011",37,35
"171","MILPA ALTA","VILLA MILPA ALTA (PBLO)","09-012",112,111
"172","ALVARO OBREGON","ALFONSO XIII","10-009",33,31
"173","ALVARO OBREGON","BARRIO NORTE","10-026",60,51
"174","ALVARO OBREGON","BELLA VISTA","10-031",40,36
"175","ALVARO OBREGON","GARCIMARRERO NORTE","10-077",12,12
"176","ALVARO OBREGON","GUADALUPE INN","10-084",NA,NA
"177","ALVARO OBREGON","HERON PROAL","10-085",10,6
"178","ALVARO OBREGON","JALALPA EL GRANDE","10-089",30,29
"179","ALVARO OBREGON","JARDINES DEL PEDREGAL","10-091",30,27
"180","ALVARO OBREGON","JOSE MARIA PINO SUAREZ","10-092",25,23
"181","ALVARO OBREGON","LA MARTINICA","10-105",46,42
"182","ALVARO OBREGON","LA MEXICANA","10-106",12,8
"183","ALVARO OBREGON","LAS AGUILAS","10-114",11,10
"184","ALVARO OBREGON","LAS AGUILAS (AMPL)","10-115",17,17
"185","ALVARO OBREGON","LOMAS DE BECERRA","10-124",27,24
"186","ALVARO OBREGON","LOMAS DE LA ERA","10-132",63,61
"187","ALVARO OBREGON","MERCED GOMEZ","10-151",30,27
"188","ALVARO OBREGON","MOLINO DE ROSAS","10-157",20,21
"189","ALVARO OBREGON","MOLINO DE SANTO DOMINGO","10-159",21,21
"190","ALVARO OBREGON","OLIVAR DE LOS PADRES","10-163",20,21
"191","ALVARO OBREGON","PALMAS AXOTITLA","10-167",11,12
"192","ALVARO OBREGON","PILOTO (ADOLFO LOPEZ MATEOS)","10-171",17,16
"193","ALVARO OBREGON","PILOTO (ADOLFO LOPEZ MATEOS) (AMPL)","10-172",28,27
"194","ALVARO OBREGON","PROGRESO TIZAPAN","10-182",30,27
"195","ALVARO OBREGON","SAN BARTOLO AMEYALCO (PBLO)","10-194",120,112
"196","ALVARO OBREGON","SANTA FE","10-198",20,19
"197","ALVARO OBREGON","SANTA ROSA XOCHIAC (PBLO)","10-204",51,48
"198","ALVARO OBREGON","TETELPAN (PBLO)","10-214",13,13
"199","ALVARO OBREGON","TIZAPAN_TIZAPAN SAN ANGEL","10-217",30,29
"200","ALVARO OBREGON","TORRES DE POTRERO","10-228",52,47
"201","ALVARO OBREGON","1RA VICTORIA SECCION BOSQUES","10-243",23,22
"202","ALVARO OBREGON","OLIVAR DEL CONDE 1RA SECCION I","10-252",29,26
"203","ALVARO OBREGON","OLIVAR DEL CONDE 1RA SECCION II","10-253",17,16
"204","ALVARO OBREGON","OLIVAR DEL CONDE 2DA SECCION I","10-254",20,19
"205","ALVARO OBREGON","OLIVAR DEL CONDE 2DA SECCION II","10-255",18,11
"206","TLAHUAC","AGRICOLA METROPOLITANA","11-001",39,36
"207","TLAHUAC","DEL MAR SUR","11-004",48,45
"208","TLAHUAC","LA DRAGA","11-014",29,23
"209","TLAHUAC","LOS OLIVOS","11-024",26,23
"210","TLAHUAC","MIGUEL HIDALGO","11-025",53,44
"211","TLAHUAC","MIGUEL HIDALGO OTE","11-026",27,26
"212","TLAHUAC","PEA ALTA","11-029",11,10
"213","TLAHUAC","SAN ANDRES MIXQUIC (PBLO)","11-031",61,62
"214","TLAHUAC","SAN FRANCISCO TLALTENCO (PBLO)","11-032",137,125
"215","TLAHUAC","SAN JOSE","11-033",49,46
"216","TLAHUAC","SAN PEDRO TLAHUAC (PBLO)","11-038",61,63
"217","TLAHUAC","SANTIAGO ZAPOTITLAN (PBLO)","11-042",46,41
"218","TLAHUAC","SELENE (AMPL)","11-043",50,52
"219","TLAHUAC","SELENE 1a SECC","11-044",70,68
"220","TLAHUAC","UNIDADES HABITACIONALES DE SANTA ANA PONIENTE I","11-055",30,27
"221","TLAHUAC","LA CONCHITA I","11-056",36,33
"222","TLAHUAC","LA CONCHITA II","11-057",110,102
"223","TLALPAN","AMPLIACION MIGUEL HIDALGO 2A SECC","12-002",37,39
"224","TLALPAN","AMPLIACION MIGUEL HIDALGO 3A SECC","12-003",38,38
"225","TLALPAN","CUCHILLA DE PADIERNA","12-030",NA,NA
"226","TLALPAN","LA MAGDALENA PETLACALCO (PBLO)","12-074",19,15
"227","TLALPAN","MESA LOS HORNOS, TEXCALTENCO","12-094",29,23
"228","TLALPAN","MIGUEL HIDALGO","12-095",43,39
"229","TLALPAN","PEDREGAL DE SN NICOLAS 1A SECC","12-117",23,21
"230","TLALPAN","PEDREGAL DE STA URSULA XITLA","12-121",24,20
"231","TLALPAN","SAN ANDRES TOTOLTEPEC (PBLO)","12-147",70,64
"232","TLALPAN","SAN LORENZO HUIPULCO","12-153",73,64
"233","TLALPAN","SAN MIGUEL  XICALCO (PBLO)","12-154",33,31
"234","TLALPAN","SAN MIGUEL AJUSCO (PBLO)","12-155",34,32
"235","TLALPAN","SAN MIGUEL TOPILEJO (PBLO)","12-157",63,65
"236","TLALPAN","SAN PEDRO MARTIR (PBLO)","12-160",40,28
"237","TLALPAN","SANTA URSULA XITLA","12-161",15,14
"238","TLALPAN","SANTO TOMAS AJUSCO (PBLO)","12-163",36,33
"239","TLALPAN","TLALCOLIGIA","12-175",47,45
"240","TLALPAN","TLALPAN CENTRO","12-177",15,15
"241","TLALPAN","HEROES DE PADIERNA II","12-210",41,36
"242","TLALPAN","LOMAS DE  PADIERNA I","12-211",70,62
"243","TLALPAN","ISIDRO FABELA II (ORIENTE)","12-220",29,29
"244","XOCHIMILCO","CALTONGO (BARR)","13-007",24,22
"245","XOCHIMILCO","SAN GREGORIO ATLAPULCO (PBLO)","13-043",95,96
"246","XOCHIMILCO","SAN JOSE ZACATEPEC","13-046",11,12
"247","XOCHIMILCO","SAN MATEO XALPA (PBLO)","13-056",40,38
"248","XOCHIMILCO","SANTA CRUZ ACALPIXCA (PBLO)","13-060",88,85
"249","XOCHIMILCO","SANTA CRUZ XOCHITEPEC (PBLO)","13-062",38,31
"250","XOCHIMILCO","SANTA MARIA NATIVITAS (PBLO)","13-064",93,86
"251","XOCHIMILCO","SANTIAGO TEPALCATLALPAN (PBLO)","13-066",52,46
"252","XOCHIMILCO","SANTIAGO TULYEHUALCO (PBLO)","13-067",53,50
"253","XOCHIMILCO","XALTOCAN (BARR)","13-073",62,59
"254","XOCHIMILCO","SAN LORENZO LA CEBADA II","13-076",30,28
"255","BENITO JUAREZ","NATIVITAS","14-030",14,14
"256","BENITO JUAREZ","PIEDAD NARVARTE","14-036",6,NA
"257","BENITO JUAREZ","SAN PEDRO DE LOS  PINOS","14-043",18,18
"258","BENITO JUAREZ","SAN SIMON TICUMAC","14-044",12,10
"259","BENITO JUAREZ","ALAMOS I","14-051",14,13
"260","BENITO JUAREZ","DEL VALLE I","14-053",21,10
"261","BENITO JUAREZ","PORTALES I","14-066",21,17
"262","CUAUHTEMOC","TRANSITO","15-032",29,31
"263","CUAUHTEMOC","CENTRO I","15-037",8,8
"264","CUAUHTEMOC","CENTRO IV","15-040",54,53
"265","CUAUHTEMOC","CENTRO VI","15-042",28,27
"266","CUAUHTEMOC","CENTRO VIII","15-044",26,22
"267","CUAUHTEMOC","DOCTORES I","15-045",45,44
"268","CUAUHTEMOC","DOCTORES II","15-046",35,29
"269","CUAUHTEMOC","DOCTORES III","15-047",26,24
"270","CUAUHTEMOC","DOCTORES IV","15-048",25,26
"271","CUAUHTEMOC","DOCTORES V","15-049",17,17
"272","CUAUHTEMOC","GUERRERO I","15-050",27,25
"273","CUAUHTEMOC","GUERRERO II","15-051",34,35
"274","CUAUHTEMOC","GUERRERO IV","15-053",21,20
"275","CUAUHTEMOC","OBRERA I","15-062",26,23
"276","CUAUHTEMOC","OBRERA II","15-063",19,19
"277","CUAUHTEMOC","OBRERA III","15-064",24,23
"278","CUAUHTEMOC","PERALVILLO II","15-067",21,18
"279","CUAUHTEMOC","ROMA SUR I","15-071",22,18
"280","CUAUHTEMOC","SANTA MARIA LA RIBERA I","15-075",39,43
"281","CUAUHTEMOC","SANTA MARIA LA RIBERA IV","15-078",42,43
"282","MIGUEL HIDALGO","DANIEL GARZA (AMPL)","16-025",11,11
"283","MIGUEL HIDALGO","NUEVA ARGENTINA (ARGENTINA PONIENTE)","16-057",9,7
"284","MIGUEL HIDALGO","TLAXPANA","16-080",21,18
"285","MIGUEL HIDALGO","VENTURA PEREZ DE ALBA","16-083",10,9
"286","MIGUEL HIDALGO","ANAHUAC I","16-088",47,46
"287","MIGUEL HIDALGO","ANAHUAC II","16-089",46,41
"288","MIGUEL HIDALGO","ESCANDON II","16-091",49,45
"289","MIGUEL HIDALGO","POPOTLA II","16-093",24,22
"290","VENUSTIANO CARRANZA","ADOLFO LOPEZ MATEOS","17-002",23,17
"291","VENUSTIANO CARRANZA","AQUILES SERDAN","17-005",47,47
"292","VENUSTIANO CARRANZA","ARTES GRAFICAS","17-006",15,15
"293","VENUSTIANO CARRANZA","CARACOL","17-012",12,13
"294","VENUSTIANO CARRANZA","CUCHILLA PANTITLAN","17-016",41,41
"295","VENUSTIANO CARRANZA","EL ARENAL 1A SECCION","17-018",16,12
"296","VENUSTIANO CARRANZA","EL ARENAL 4A SECCION","17-021",27,23
"297","VENUSTIANO CARRANZA","FEDERAL","17-026",20,19
"298","VENUSTIANO CARRANZA","FIVIPORT (U HAB)","17-028",10,7
"299","VENUSTIANO CARRANZA","KENNEDY (U HAB)","17-034",13,13
"300","VENUSTIANO CARRANZA","MAGDALENA  MIXHUCA (PBLO)","17-037",17,17
"301","VENUSTIANO CARRANZA","MOCTEZUMA 1A SECCION","17-042",28,27
"302","VENUSTIANO CARRANZA","ROMERO RUBIO","17-055",33,28
"303","VENUSTIANO CARRANZA","SIMON  BOLIVAR","17-058",19,17
"304","VENUSTIANO CARRANZA","VENUSTIANO CARRANZA","17-062",NA,NA
"305","VENUSTIANO CARRANZA","20 DE NOVIEMBRE","17-066",16,14
"306","VENUSTIANO CARRANZA","5TO TRAMO DE 20 DE NOVIEMBRE","17-069",16,15
"307","VENUSTIANO CARRANZA","JARDIN BALBUENA III","17-078",24,21
"308","VENUSTIANO CARRANZA","MOCTEZUMA 2A SECCION I","17-079",20,19
"309","VENUSTIANO CARRANZA","MOCTEZUMA 2A SECCION II","17-080",20,19
"310","VENUSTIANO CARRANZA","MOCTEZUMA 2A SECCION III","17-081",26,23
"311","VENUSTIANO CARRANZA","MOCTEZUMA 2A SECCION IV","17-082",25,27
"312","VENUSTIANO CARRANZA","MORELOS I","17-083",61,62
"313","VENUSTIANO CARRANZA","MORELOS II","17-084",52,46
"314",NA,NA,"Colonia no especificada",6428,5695
"315","AZCAPOTZALCO","CLAVERIA","02-008",14,10
"316","COYOACAN","PEDREGAL DE STO DOMINGO VIII","03-146",15,15
"317","CUAJIMALPA DE MORELOS","COLA DE PATO","04-008",NA,NA
"318","CUAJIMALPA DE MORELOS","LAS TINAJAS","04-028",NA,NA
"319","GUSTAVO A. MADERO","CUAUTEPEC DE MADERO","05-033",39,36
"320","GUSTAVO A. MADERO","GERTRUDIS SANCHEZ 3A SECCION","05-068",31,28
"321","GUSTAVO A. MADERO","SANTA ROSA","05-171",16,16
"322","GUSTAVO A. MADERO","VASCO DE QUIROGA","05-196",22,17
"323","GUSTAVO A. MADERO","CASAS ALEMAN (AMPL) II","05-218",19,15
"324","GUSTAVO A. MADERO","GABRIEL HERNANDEZ (AMPL) I","05-221",23,20
"325","GUSTAVO A. MADERO","INDUSTRIAL II","05-224",16,16
"326","GUSTAVO A. MADERO","MARTIN CARRERA I","05-227",35,34
"327","GUSTAVO A. MADERO","MARTIN CARRERA II","05-228",25,26
"328","GUSTAVO A. MADERO","PROVIDENCIA III","05-236",15,15
"329","GUSTAVO A. MADERO","SAN JUAN DE ARAGON 4A  Y 5A SECCION (U HAB) I","05-245",8,6
"330","IZTACALCO","GABRIEL RAMOS MILLAN","06-010",21,23
"331","IZTACALCO","SANTIAGO SUR","06-035",22,21
"332","IZTACALCO","JUVENTINO ROSAS II","06-055",24,24
"333","IZTACALCO","RAMOS MILLAN BRAMADERO II","06-062",26,25
"334","IZTAPALAPA","EL ROSARIO","07-059",27,27
"335","IZTAPALAPA","SAN ANDRES TETEPILCO (PBLO)","07-175",27,26
"336","IZTAPALAPA","SAN JUAN CERRO (PJE)","07-185",9,9
"337","IZTAPALAPA","VALLE DEL SUR","07-240",24,20
"338","IZTAPALAPA","REFORMA POLITICA II","07-288",19,17
"339","IZTAPALAPA","TEPALCATES II","07-302",28,26
"340","LA MAGDALENA CONTRERAS","EL TORO","08-012",13,12
"341","ALVARO OBREGON","MARIA G DE GARCIA RUIZ","10-149",10,11
"342","ALVARO OBREGON","SAN CLEMENTE","10-195",33,33
"343","TLAHUAC","LAS ARBOLEDAS","11-021",34,34
"344","TLAHUAC","UNIDADES HABITACIONALES DE SANTA ANA PONIENTE II","11-058",31,30
"345","TLALPAN","ARBOLEDAS DEL SUR","12-007",15,14
"346","TLALPAN","EMILIO PORTES GIL PEMEX PICACHO (U HAB)","12-040",NA,NA
"347","TLALPAN","LOS VOLCANES","12-089",14,14
"348","TLALPAN","PEDREGAL DE SN NICOLAS 2A SECC","12-118",18,16
"349","TLALPAN","TORIELLO GUERRA","12-180",8,6
"350","TLALPAN","VILLA LAZARO CARDENAS","12-194",NA,6
"351","XOCHIMILCO","SAN ANDRES AHUAYUCAN (PBLO)","13-035",29,24
"352","XOCHIMILCO","SAN LUIS TLAXIALTEMALCO (PBLO)","13-053",37,41
"353","BENITO JUAREZ","DEL VALLE VI","14-058",NA,NA
"354","BENITO JUAREZ","NARVARTE I","14-060",18,13
"355","BENITO JUAREZ","NARVARTE V","14-064",13,13
"356","CUAUHTEMOC","CUAUHTEMOC","15-009",30,28
"357","CUAUHTEMOC","CENTRO VII","15-043",21,18
"358","CUAUHTEMOC","GUERRERO III","15-052",29,28
"359","CUAUHTEMOC","ROMA SUR II","15-072",15,17
"360","VENUSTIANO CARRANZA","JANITZIO","17-032",11,10
"361","VENUSTIANO CARRANZA","PEON DE LOS BAOS","17-047",21,20
"362","AZCAPOTZALCO","PRESIDENTE MADERO (U HAB)","02-064",10,10
"363","AZCAPOTZALCO","SAN MARTIN XOCHINAHUAC (PBLO)","02-081",40,35
"364","COYOACAN","CAMPESTRE CHURUBUSCO","03-012",10,8
"365","COYOACAN","LA MAGDALENA CULHUACAN (BARR)","03-066",17,16
"366","COYOACAN","PEDREGAL DE STO DOMINGO III","03-141",19,20
"367","CUAJIMALPA DE MORELOS","SAN PABLO CHIMALPA (PBLO)","04-047",13,11
"368","CUAJIMALPA DE MORELOS","TEPETONGO","04-050",NA,NA
"369","GUSTAVO A. MADERO","JORGE NEGRETE","05-086",21,18
"370","GUSTAVO A. MADERO","PROGRESO NACIONAL II","05-233",19,19
"371","GUSTAVO A. MADERO","PROVIDENCIA II","05-235",22,22
"372","IZTACALCO","LOS REYES","06-018",12,13
"373","IZTACALCO","ZAPOTLA","06-039",NA,NA
"374","IZTACALCO","AGRICOLA ORIENTAL I","06-040",36,36
"375","IZTACALCO","AGRICOLA ORIENTAL IV","06-043",22,22
"376","IZTACALCO","AGRICOLA ORIENTAL VII","06-046",21,19
"377","IZTACALCO","PANTITLAN I","06-056",29,28
"378","IZTAPALAPA","APATLACO","07-009",31,30
"379","IZTAPALAPA","ESTRELLA DEL SUR","07-074",20,18
"380","IZTAPALAPA","GRANJAS SAN ANTONIO","07-086",11,10
"381","IZTAPALAPA","SANTA MARTHA ACATITLA_(PBLO)","07-217",31,29
"382","IZTAPALAPA","CHINAMPAC DE JUAREZ II","07-263",17,17
"383","IZTAPALAPA","EJERCITO DE ORIENTE (U HAB) I","07-271",32,28
"384","LA MAGDALENA CONTRERAS","BARROS SIERRA","08-003",12,10
"385","MILPA ALTA","SAN LORENZO TLACOYUCAN (PBLO)","09-007",18,19
"386","ALVARO OBREGON","CORPUS CHRISTY","10-047",56,47
"387","ALVARO OBREGON","LA CONCHITA","10-100",NA,NA
"388","ALVARO OBREGON","VILLA PROGRESISTA","10-236",15,11
"389","TLAHUAC","SAN NICOLAS TETELCO (PBLO)","11-037",17,17
"390","TLALPAN","PARAJE 38","12-113",8,8
"391","XOCHIMILCO","SAN LORENZO ATEMOAYA (PBLO)","13-050",38,38
"392","XOCHIMILCO","SANTA INES","13-063",NA,NA
"393","BENITO JUAREZ","NONOALCO","14-033",8,8
"394","BENITO JUAREZ","STA CRUZ ATOYAC","14-045",10,12
"395","BENITO JUAREZ","PORTALES III","14-068",11,6
"396","CUAUHTEMOC","ROMA NORTE III","15-070",24,24
"397","MIGUEL HIDALGO","LOMAS DE CHAPULTEPEC","16-042",14,14
"398","MIGUEL HIDALGO","TORRE BLANCA","16-081",26,25
"399","VENUSTIANO CARRANZA","REVOLUCION","17-054",21,18
"400","AZCAPOTZALCO","PRO HOGAR I","02-113",6,6
"401","GUSTAVO A. MADERO","ACUEDUCTO DE GUADALUPE (U HAB)","05-002",19,19
"402","GUSTAVO A. MADERO","COCOYOTES","05-026",6,6
"403","GUSTAVO A. MADERO","LA PRADERA","05-108",25,24
"404","GUSTAVO A. MADERO","CAMPESTRE ARAGON II","05-216",42,33
"405","IZTAPALAPA","PROGRESISTA","07-164",22,21
"406","IZTAPALAPA","ERMITA ZARAGOZA (U HAB) I","07-273",16,14
"407","IZTAPALAPA","2A AMPLIACION SANTIAGO ACAHUALTEPEC II","07-309",29,28
"408","TLALPAN","SN JUAN TEPEXIMILPA","12-151",12,11
"409","XOCHIMILCO","NATIVITAS LA JOYA (AMPL)","13-030",48,49
"410","XOCHIMILCO","SAN FRANCISCO TLALNEPANTLA (PBLO)","13-042",14,14
"411","XOCHIMILCO","SAN MARCOS (AMPL)","13-054",57,55
"412","XOCHIMILCO","XICALHUACAN","13-074",9,10
"413","BENITO JUAREZ","NAPOLES","14-028",6,NA
"414","CUAUHTEMOC","CONDESA","15-008",NA,NA
"415","CUAUHTEMOC","ESPERANZA","15-011",9,6
"416","CUAUHTEMOC","EX HIPODROMO DE PERALVILLO","15-012",30,30
"417","CUAUHTEMOC","OBRERA IV","15-065",21,18
"418","CUAUHTEMOC","ROMA NORTE II","15-069",26,18
"419","IZTAPALAPA","SAN MIGUEL (BARR)","07-196",56,53
"420","IZTAPALAPA","JUAN ESCUTIA I","07-277",14,13
"421","COYOACAN","AJUSCO III","03-130",21,22
"422","COYOACAN","ALIANZA POPULAR REVOLUCIONARIA ORIENTE (U HAB)","03-148",9,9
"423","GUSTAVO A. MADERO","BONDOJITO","05-013",20,16
"424","IZTAPALAPA","PARAJE SAN JUAN","07-154",53,48
"425","IZTAPALAPA","SAN SIMON CULHUACAN (BARR)","07-204",11,12
"426","IZTAPALAPA","SANTA CRUZ MEYEHUALCO (U HAB) II","07-296",27,25
"427","ALVARO OBREGON","LOMAS DE CHAMONTOYA","10-130",26,24
"428","TLAHUAC","SANTA CECILIA","11-041",27,27
"429","XOCHIMILCO","SAN LUCAS XOCHIMANCA (PBLO)","13-052",40,41
"430","XOCHIMILCO","SANTA MARIA TEPEPAN (PBLO)","13-065",23,23
"431","BENITO JUAREZ","INSURGENTES MIXCOAC","14-017",8,7
"432","MIGUEL HIDALGO","TACUBA","16-077",28,27
"433","VENUSTIANO CARRANZA","IGNACIO ZARAGOZA I","17-074",39,36
"434","VENUSTIANO CARRANZA","PENSADOR MEXICANO I","17-085",6,6
"435","AZCAPOTZALCO","ALDANA","02-002",6,NA
"436","AZCAPOTZALCO","DEL GAS (AMPL)","02-016",7,NA
"437","AZCAPOTZALCO","EL ROSARIO A (U HAB)","02-023",11,11
"438","AZCAPOTZALCO","SAN ALVARO","02-070",16,13
"439","AZCAPOTZALCO","SAN FRANCISCO TETECALA (PBLO)","02-077",6,6
"440","AZCAPOTZALCO","SANTA BARBARA (PBLO)","02-090",18,19
"441","AZCAPOTZALCO","PRO HOGAR II","02-114",NA,NA
"442","COYOACAN","EX HACIENDA COAPA","03-051",14,12
"443","COYOACAN","PEDREGAL DE SANTA URSULA IV","03-138",45,44
"444","CUAJIMALPA DE MORELOS","BOSQUES DE LAS LOMAS","04-006",NA,NA
"445","GUSTAVO A. MADERO","GUADALUPE PROLETARIA","05-072",14,14
"446","GUSTAVO A. MADERO","SANTIAGO ATZACOALCO (PBLO)","05-174",16,15
"447","IZTACALCO","LA CRUZ","06-017",8,8
"448","IZTAPALAPA","CARLOS HANK GONZALEZ","07-023",25,22
"449","IZTAPALAPA","LOMAS DE ZARAGOZA","07-125",30,31
"450","IZTAPALAPA","SECTOR POPULAR","07-220",20,20
"451","LA MAGDALENA CONTRERAS","LAS PALMAS","08-029",18,18
"452","TLAHUAC","OJO DE AGUA","11-027",20,18
"453","TLAHUAC","SELENE 2da SECC","11-045",35,33
"454","TLALPAN","ISIDRO FABELA I (PONIENTE)","12-060",8,6
"455","TLALPAN","ISSSFAM No. 1 (U HAB)-VILLA TLALPAN","12-062",NA,NA
"456","TLALPAN","LOMAS DE  PADIERNA II","12-212",36,33
"457","XOCHIMILCO","LA CONCHA","13-021",11,9
"458","BENITO JUAREZ","NARVARTE II","14-061",14,15
"459","CUAUHTEMOC","NONOALCO-TLATELOLCO (U HAB) III","15-061",6,NA
"460","CUAUHTEMOC","SAN RAFAEL II","15-074",33,29
"461","MIGUEL HIDALGO","PENSIL NORTE","16-060",32,26
"462","MIGUEL HIDALGO","TACUBAYA","16-078",15,12
"463","CUAJIMALPA DE MORELOS","JARDINES DE LA PALMA (HUIZACHITO)","04-021",NA,NA
"464","GUSTAVO A. MADERO","CUAUTEPEC EL ALTO (PBLO)","05-034",23,22
"465","GUSTAVO A. MADERO","GERTRUDIS SANCHEZ 2A SECCION","05-067",49,42
"466","GUSTAVO A. MADERO","CAMPESTRE ARAGON I","05-215",20,20
"467","GUSTAVO A. MADERO","LINDAVISTA II","05-226",13,12
"468","IZTACALCO","AGRICOLA ORIENTAL III","06-042",41,35
"469","IZTAPALAPA","ACULCO (PBLO)","07-001",15,14
"470","IZTAPALAPA","EL TRIUNFO","07-064",7,7
"471","IZTAPALAPA","VICENTE GUERRERO SUPER MANZANA 6 (U HAB)","07-247",25,24
"472","IZTAPALAPA","LEYES DE REFORMA 3A SECCION I","07-279",41,36
"473","LA MAGDALENA CONTRERAS","LA MAGDALENA ATLITIC (PBLO)","08-024",13,12
"474","ALVARO OBREGON","LOMAS DE CAPULA","10-127",18,16
"475","ALVARO OBREGON","MINAS DE CRISTO","10-156",30,29
"476","ALVARO OBREGON","PRESIDENTES","10-177",21,18
"477","TLALPAN","CULTURA MAYA","12-032",11,9
"478","TLALPAN","EJIDOS DE SAN PEDRO MARTIR I (NORTE)","12-035",11,11
"479","BENITO JUAREZ","AMERICAS UNIDAS-DEL LAGO","14-005",7,NA
"480","BENITO JUAREZ","INDEPENDENCIA","14-016",12,13
"481","BENITO JUAREZ","MODERNA","14-027",22,24
"482","BENITO JUAREZ","PORTALES II","14-067",16,14
"483","CUAUHTEMOC","ATLAMPA","15-004",18,19
"484","CUAUHTEMOC","MORELOS III","15-058",16,16
"485","MIGUEL HIDALGO","ANAHUAC LOS MANZANOS","16-009",14,14
"486","MIGUEL HIDALGO","SAN MIGUEL CHAPULTEPEC I","16-094",9,10
"487","VENUSTIANO CARRANZA","AVIACION CIVIL","17-007",13,12
"488","VENUSTIANO CARRANZA","IGNACIO ZARAGOZA II","17-075",24,22
"489","AZCAPOTZALCO","PLENITUD","02-060",8,7
"490","AZCAPOTZALCO","SAN ANTONIO (FRACC)","02-074",NA,NA
"491","AZCAPOTZALCO","SAN FRANCISCO XOCOTITLA","02-078",NA,NA
"492","AZCAPOTZALCO","SAN SEBASTIAN","02-088",16,11
"493","COYOACAN","AMPLIACION CANDELARIA","03-006",10,10
"494","GUSTAVO A. MADERO","CASTILLO GRANDE","05-021",13,13
"495","GUSTAVO A. MADERO","LA MALINCHE","05-105",18,14
"496","GUSTAVO A. MADERO","TLALPEXCO","05-184",23,21
"497","GUSTAVO A. MADERO","7 DE NOVIEMBRE","05-212",19,19
"498","GUSTAVO A. MADERO","VALLEJO I","05-249",27,30
"499","IZTACALCO","SANTIAGO NORTE","06-034",8,10
"500","IZTAPALAPA","BENITO JUAREZ","07-015",6,6
"501","IZTAPALAPA","CASA BLANCA","07-025",7,6
"502","IZTAPALAPA","EL SIFON","07-062",31,30
"503","IZTAPALAPA","JARDINES DE SAN LORENZO","07-099",22,22
"504","IZTAPALAPA","MIGUEL DE LA MADRID HURTADO","07-139",35,31
"505","IZTAPALAPA","PUENTE BLANCO","07-166",24,20
"506","IZTAPALAPA","ZACAHUITZCO","07-251",17,15
"507","IZTAPALAPA","CERRO DE LA ESTRELLA II","07-261",8,6
"508","IZTAPALAPA","LEYES DE REFORMA 3A SECCION II","07-280",35,31
"509","IZTAPALAPA","LOMAS ESTRELLA 2A SECC I","07-285",24,22
"510","IZTAPALAPA","SAN JUAN XALPA II","07-290",53,51
"511","IZTAPALAPA","JUAN ESCUTIA III","07-313",18,17
"512","TLALPAN","PEDREGAL DE SN NICOLAS 4A SECC I","12-213",16,15
"513","TLALPAN","PEDREGAL DE SN NICOLAS 4A SECC II","12-214",18,14
"514","XOCHIMILCO","SAN ESTEBAN (BARR)","13-040",10,11
"515","CUAUHTEMOC","SAN SIMON TOLNAHUAC","15-027",18,16
"516","CUAUHTEMOC","MORELOS II","15-057",13,13
"517","CUAUHTEMOC","SANTA MARIA LA RIBERA II","15-076",38,33
"518","MIGUEL HIDALGO","SAN MIGUEL CHAPULTEPEC II","16-095",26,25
"519","VENUSTIANO CARRANZA","JAMAICA","17-031",9,7
"520","AZCAPOTZALCO","LA RAZA","02-041",10,7
"521","AZCAPOTZALCO","SAN ANDRES (PBLO)","02-072",9,9
"522","COYOACAN","CARMEN SERDAN","03-017",16,13
"523","CUAJIMALPA DE MORELOS","XALPA","04-051",8,8
"524","GUSTAVO A. MADERO","GUADALUPE INSURGENTES","05-071",NA,NA
"525","GUSTAVO A. MADERO","GUADALUPE VICTORIA II","05-076",NA,NA
"526","GUSTAVO A. MADERO","PANAMERICANA","05-133",14,12
"527","GUSTAVO A. MADERO","CHALMA DE GUADALUPE I","05-219",24,21
"528","GUSTAVO A. MADERO","SAN JUAN DE ARAGON 2A SECCION (U HAB) I","05-243",28,27
"529","IZTACALCO","CARLOS ZAPATA VELA","06-004",16,16
"530","IZTAPALAPA","EL RETOO","07-057",NA,NA
"531","IZTAPALAPA","SANTA BARBARA (BARR) I","07-205",33,33
"532","IZTAPALAPA","SAN MIGUEL TEOTONGO III","07-293",25,22
"533","IZTAPALAPA","SANTA MARIA AZTAHUACAN (EJ) I","07-297",27,22
"534","IZTAPALAPA","STA MARTHA ACATITLA NTE (AMPL) II","07-300",11,11
"535","ALVARO OBREGON","SANTA LUCIA","10-200",29,28
"536","TLALPAN","BELVEDERE","12-013",8,7
"537","TLALPAN","BOSQUES DEL PEDREGAL","12-016",19,18
"538","TLALPAN","JUVENTUD UNIDA","12-068",NA,NA
"539","TLALPAN","PEDREGAL DE SN NICOLAS 3A SECC","12-119",36,30
"540","TLALPAN","HEROES DE PADIERNA I","12-209",37,35
"541","BENITO JUAREZ","DEL VALLE V","14-057",6,6
"542","CUAUHTEMOC","JUAREZ","15-017",28,30
"543","MIGUEL HIDALGO","GRANADA","16-031",12,10
"544","MIGUEL HIDALGO","MEXICO NUEVO","16-050",21,19
"545","MIGUEL HIDALGO","SAN DIEGO OCOYOACAC","16-072",NA,NA
"546","MIGUEL HIDALGO","ESCANDON I","16-090",20,20
"547","VENUSTIANO CARRANZA","EL ARENAL 3A SECCION","17-020",NA,NA
"548","AZCAPOTZALCO","REYNOSA TAMAULIPAS","02-067",15,16
"549","COYOACAN","ADOLFO RUIZ CORTINES I","03-126",28,27
"550","GUSTAVO A. MADERO","CTM ATZACOALCO (U HAB)","05-031",26,24
"551","IZTAPALAPA","IXTLAHUACAN","07-096",27,27
"552","ALVARO OBREGON","PRESIDENTES 2DA (AMPL)","10-179",12,13
"553","XOCHIMILCO","LOS CERRILLOS II","13-026",8,8
"554","XOCHIMILCO","SANTA CECILIA TEPETLAPA (PBLO)","13-058",30,27
"555","VENUSTIANO CARRANZA","JARDIN BALBUENA I","17-076",17,18
"556","AZCAPOTZALCO","PASTEROS","02-056",20,21
"557","AZCAPOTZALCO","SANTA LUCIA (BARR)","02-095",NA,NA
"558","GUSTAVO A. MADERO","ESTANZUELA","05-054",17,17
"559","GUSTAVO A. MADERO","GENERAL FELIPE BERRIOZABAL","05-065",18,18
"560","GUSTAVO A. MADERO","SAN JUAN Y GUADALUPE TICOMAN (BARR)","05-164",15,13
"561","IZTAPALAPA","EJTO DE OTE II (U HAB)","07-049",17,16
"562","ALVARO OBREGON","PREDIO LA ANGOSTURA","10-257",NA,NA
"563","TLALPAN","EL ZACATON","12-039",NA,6
"564","TLALPAN","VIVEROS DE COACTETLAN","12-199",10,9
"565","CUAUHTEMOC","VALLE GOMEZ","15-033",8,9
"566","MIGUEL HIDALGO","5 DE MAYO","16-087",11,9
"567","GUSTAVO A. MADERO","VALLEJO PONIENTE","05-195",NA,NA
"568","IZTACALCO","AMPLIACION RAMOS MILLAN","06-002",25,24
"569","IZTAPALAPA","PARAISO","07-152",19,17
"570","IZTAPALAPA","SAN LUCAS (BARR)","07-195",22,20
"571","IZTAPALAPA","JOSE LOPEZ PORTILLO I","07-275",32,31
"572","IZTAPALAPA","LOMAS ESTRELLA 2A SECC II","07-286",20,20
"573","TLAHUAC","LA NOPALERA","11-019",23,23
"574","TLALPAN","POPULAR STA TERESA","12-127",22,20
"575","TLALPAN","VILLA COAPA (RDCIAL)","12-191",12,9
"576","TLALPAN","EJIDOS DE SAN PEDRO MARTIR II (SUR)","12-219",NA,NA
"577","BENITO JUAREZ","NIOS HEROES DE CHAPULTEPEC","14-031",NA,NA
"578","MIGUEL HIDALGO","AGRICULTURA","16-001",16,16
"579","MIGUEL HIDALGO","BOSQUES DE LAS LOMAS","16-019",6,6
"580","VENUSTIANO CARRANZA","CENTRO I","17-072",7,6
"581","AZCAPOTZALCO","PROVIDENCIA","02-066",21,21
"582","GUSTAVO A. MADERO","LA CANDELARIA TICOMAN (BARR)","05-093",9,8
"583","IZTAPALAPA","SAN NICOLAS TOLENTINO II","07-199",13,14
"584","ALVARO OBREGON","TETLALPAN","10-215",7,7
"585","CUAUHTEMOC","MORELOS I","15-056",25,25
"586","AZCAPOTZALCO","LIBERACION","02-043",NA,7
"587","CUAJIMALPA DE MORELOS","AHUATENCO","04-004",6,NA
"588","GUSTAVO A. MADERO","ARAGON LA VILLA (ARAGON)","05-006",10,9
"589","GUSTAVO A. MADERO","BENITO JUAREZ","05-011",20,21
"590","GUSTAVO A. MADERO","CERRO PRIETO","05-023",17,16
"591","GUSTAVO A. MADERO","GERTRUDIS SANCHEZ 1A SECCION","05-066",10,9
"592","IZTAPALAPA","EJTO CONSTITUCIONALISTA","07-044",30,26
"593","IZTAPALAPA","EJTO CONSTITUCIONALISTA II ( U HAB)","07-045",20,22
"594","IZTAPALAPA","GRANJAS ESTRELLA I","07-083",9,9
"595","ALVARO OBREGON","EL PARAISO","10-063",15,15
"596","ALVARO OBREGON","SANTA MARIA NONOALCO","10-203",25,22
"597","TLAHUAC","LA HABANA","11-016",46,44
"598","TLALPAN","SAN NICOLAS II","12-158",8,NA
"599","BENITO JUAREZ","LETRAN VALLE","14-021",10,9
"600","BENITO JUAREZ","POSTAL","14-039",NA,NA
"601","BENITO JUAREZ","NARVARTE III","14-062",10,7
"602","CUAUHTEMOC","PAULINO NAVARRO","15-022",14,12
"603","MIGUEL HIDALGO","POPOTLA I","16-092",16,15
"604","VENUSTIANO CARRANZA","MAGDALENA  MIXHUCA","17-036",11,11
"605","VENUSTIANO CARRANZA","MERCED BALBUENA","17-038",9,8
"606","AZCAPOTZALCO","CENTRO DE AZCAPOTZALCO","02-007",29,23
"607","AZCAPOTZALCO","COLTONGO","02-009",12,11
"608","AZCAPOTZALCO","INDUSTRIAL VALLEJO (U HAB)","02-036",10,9
"609","GUSTAVO A. MADERO","LA LAGUNA TICOMAN (BARR)","05-104",23,23
"610","GUSTAVO A. MADERO","NUEVA ATZACOALCO I","05-229",32,29
"611","IZTAPALAPA","CULHUACAN (PBLO)","07-037",21,18
"612","IZTAPALAPA","CONSEJO AGRARISTA MEXICANO II","07-265",32,29
"613","IZTAPALAPA","JUAN ESCUTIA II","07-278",11,10
"614","LA MAGDALENA CONTRERAS","SANTA TERESA","08-049",11,10
"615","LA MAGDALENA CONTRERAS","TIERRA COLORADA","08-051",23,24
"616","ALVARO OBREGON","LOMAS DE LOS CEDROS","10-135",15,13
"617","ALVARO OBREGON","TETELPAN","10-213",21,19
"618","ALVARO OBREGON","TLACUITLAPA 2DO REACOMODO (AMPL)","10-223",NA,6
"619","TLAHUAC","LA ESTACION","11-015",30,25
"620","TLALPAN","FUENTES Y PEDREGAL DE TEPEPAN","12-048",11,9
"621","TLALPAN","RESIDENCIAL INSURGENTES SUR (U HAB)","12-139",NA,NA
"622","TLALPAN","VISTAS DEL PEDREGAL","12-198",13,10
"623","XOCHIMILCO","SAN PEDRO (BARR)","13-057",13,13
"624","XOCHIMILCO","TEPEPAN (AMPL)","13-069",32,27
"625","CUAUHTEMOC","BUENOS AIRES","15-006",28,27
"626","CUAUHTEMOC","PERALVILLO I","15-066",19,16
"627","MIGUEL HIDALGO","OBSERVATORIO","16-058",15,14
"628","VENUSTIANO CARRANZA","NICOLAS BRAVO","17-045",NA,NA
"629","VENUSTIANO CARRANZA","VALLE GOMEZ","17-061",10,9
"630","COYOACAN","EL CARACOL","03-041",6,6
"631","CUAJIMALPA DE MORELOS","EL TIANGUILLO","04-018",7,NA
"632","GUSTAVO A. MADERO","GUADALUPE TEPEYAC","05-074",18,18
"633","GUSTAVO A. MADERO","RESIDENCIAL ZACATENCO","05-146",14,13
"634","GUSTAVO A. MADERO","TABLAS DE SAN AGUSTIN","05-179",22,21
"635","GUSTAVO A. MADERO","LA ESMERALDA III","05-254",6,6
"636","ALVARO OBREGON","MIGUEL HIDALGO","10-154",NA,NA
"637","ALVARO OBREGON","PUENTE COLORADO (AMPL)","10-185",13,11
"638","ALVARO OBREGON","REACOMODO EL CUERNITO","10-187",28,23
"639","ALVARO OBREGON","SAN ANGEL","10-192",NA,NA
"640","TLAHUAC","SAN JUAN IXTAYOPAN (PBLO)","11-034",84,82
"641","TLALPAN","CHIMILLI","12-022",NA,NA
"642","TLALPAN","TETENCO (PJE)","12-172",NA,NA
"643","CUAUHTEMOC","ASTURIAS (AMPL)","15-003",13,11
"644","MIGUEL HIDALGO","ARGENTINA ANTIGUA","16-014",24,22
"645","VENUSTIANO CARRANZA","PUEBLA","17-053",21,19
"646","VENUSTIANO CARRANZA","JARDIN BALBUENA II","17-077",7,NA
"647","GUSTAVO A. MADERO","C T M ARAGON (U)","05-014",13,13
"648","GUSTAVO A. MADERO","DM NACIONAL","05-040",12,10
"649","GUSTAVO A. MADERO","SAN JUAN DE ARAGON 6A SECCION (U HAB) I","05-161",6,6
"650","IZTAPALAPA","HEROES DE CHURUBUSCO","07-091",20,21
"651","ALVARO OBREGON","TLACUITLAPA","10-222",12,12
"652","TLAHUAC","VILLA CENTROAMERICANA (U HAB)","11-052",19,17
"653","CUAUHTEMOC","BUENAVISTA I","15-035",15,18
"654","VENUSTIANO CARRANZA","EL PARQUE","17-023",NA,NA
"655","VENUSTIANO CARRANZA","POPULAR RASTRO","17-050",NA,NA
"656","VENUSTIANO CARRANZA","VALENTIN GOMEZ FARIAS","17-060",12,11
"657","GUSTAVO A. MADERO","JUAN GONZALEZ ROMERO","05-091",10,12
"658","GUSTAVO A. MADERO","SAN PEDRO ZACATENCO (PBLO)","05-168",18,15
"659","IZTACALCO","INFONAVIT IZTACALCO (U HAB) I","06-052",25,24
"660","MIGUEL HIDALGO","AMERICA","16-003",18,13
"661","VENUSTIANO CARRANZA","EL ARENAL 2A SECCION","17-019",NA,NA
"662","AZCAPOTZALCO","MIGUEL HIDALGO (U HAB)","02-047",11,9
"663","AZCAPOTZALCO","OBRERO POPULAR","02-054",10,10
"664","COYOACAN","AVANTE","03-008",17,17
"665","COYOACAN","COPILCO EL BAJO","03-023",6,6
"666","COYOACAN","CTM VIII CULHUACAN (U HAB)","03-033",19,18
"667","IZTAPALAPA","RENOVACION","07-171",43,38
"668","IZTAPALAPA","SANTA MARIA AZTAHUACAN (EJ) II","07-298",22,19
"669","IZTAPALAPA","XALPA III","07-307",21,19
"670","TLAHUAC","SANTA CATARINA YECAHUIZOTL (PBLO)","11-040",38,37
"671","TLALPAN","ISIDRO  FABELA (AMPL)","12-061",7,6
"672","TLALPAN","LA TORTUGA XOLALPA-HCO COLEGIO MILITAR","12-077",NA,NA
"673","TLALPAN","TLALMILLE","12-176",6,7
"674","MIGUEL HIDALGO","LEGARIA","16-036",13,12
"675","GUSTAVO A. MADERO","EL CARMEN","05-049",16,14
"676","GUSTAVO A. MADERO","MALACATES (AMPL)","05-121",NA,NA
"677","GUSTAVO A. MADERO","VILLA DE ARAGON (FRACC)","05-198",10,9
"678","GUSTAVO A. MADERO","PROVIDENCIA I","05-234",23,21
"679","IZTAPALAPA","SANTA CRUZ MEYEHUALCO (U HAB) I","07-295",32,29
"680","LA MAGDALENA CONTRERAS","LA GUADALUPE","08-023",8,7
"681","BENITO JUAREZ","ALAMOS II","14-052",15,15
"682","BENITO JUAREZ","DEL VALLE VII","14-059",NA,NA
"683","CUAUHTEMOC","SAN RAFAEL I","15-073",14,14
"684","VENUSTIANO CARRANZA","PENSADOR MEXICANO II","17-086",13,14
"685","IZTAPALAPA","SAN IGNACIO (BARR)","07-180",18,14
"686","IZTAPALAPA","LOMAS DE LA ESTANCIA II","07-282",14,12
"687","LA MAGDALENA CONTRERAS","INDEPENDENCIA BATAN SUR (U HAB)","08-016",NA,NA
"688","ALVARO OBREGON","TLACOYAQUE","10-219",8,8
"689","TLAHUAC","JAIME TORRES BODET","11-012",30,32
"690","TLAHUAC","SAN MIGUEL ZAPOTITLA","11-036",32,27
"691","TLALPAN","NIO JESUS (BARR)","12-108",NA,NA
"692","TLALPAN","TEPETONGO","12-171",11,9
"693","BENITO JUAREZ","MIXCOAC","14-026",6,6
"694","BENITO JUAREZ","DEL VALLE III","14-055",10,9
"695","MIGUEL HIDALGO","MODELO PENSIL","16-052",NA,NA
"696","VENUSTIANO CARRANZA","EMILIO CARRANZA","17-025",10,11
"697","VENUSTIANO CARRANZA","PENITENCIARIA (AMPL)","17-046",19,17
"698","AZCAPOTZALCO","SAN ANDRES (BARR)","02-071",10,9
"699","AZCAPOTZALCO","SANTA MARIA MALINALCO (PBLO)","02-096",21,19
"700","AZCAPOTZALCO","SANTO DOMINGO (PBLO)","02-098",13,11
"701","COYOACAN","ADOLFO RUIZ CORTINES II","03-127",9,10
"702","GUSTAVO A. MADERO","COMPOSITORES MEXICANOS","05-028",19,19
"703","GUSTAVO A. MADERO","MAGDALENA DE LAS SALINAS","05-119",11,8
"704","GUSTAVO A. MADERO","SAN JUAN III (U HAB)","05-163",8,8
"705","IZTACALCO","SAN PEDRO IZTACALCO","06-031",18,17
"706","ALVARO OBREGON","TORRES SAN ANTONIO (U HAB)","10-229",8,8
"707","MIGUEL HIDALGO","CUAUHTEMOC PENSIL","16-023",13,12
"708","VENUSTIANO CARRANZA","LORENZO BOTURINI","17-035",15,14
"709","GUSTAVO A. MADERO","CHURUBUSCO TEPEYAC","05-025",NA,NA
"710","GUSTAVO A. MADERO","ESTRELLA","05-055",35,33
"711","GUSTAVO A. MADERO","PROGRESO NACIONAL (AMPL)","05-141",17,20
"712","GUSTAVO A. MADERO","SAN JUAN DE ARAGON 3A SECCION (U HAB) II","05-255",11,10
"713","IZTACALCO","AGRICOLA ORIENTAL VIII","06-047",22,19
"714","IZTAPALAPA","PARAJE ZACATEPEC","07-155",20,18
"715","ALVARO OBREGON","HOGAR Y REDENCION","10-086",NA,NA
"716","VENUSTIANO CARRANZA","ALVARO OBREGON","17-004",9,8
"717","IZTAPALAPA","PALMITAS","07-151",14,12
"718","IZTAPALAPA","CHINAMPAC DE JUAREZ III","07-320",NA,NA
"719","ALVARO OBREGON","CALZADA JALALPA","10-034",6,NA
"720","ALVARO OBREGON","LOMAS DE PLATEROS (U HAB) I","10-250",17,16
"721","BENITO JUAREZ","MARIA DEL CARMEN","14-022",NA,NA
"722","CUAUHTEMOC","CENTRO II","15-038",16,15
"723","MIGUEL HIDALGO","DEPORTIVA PENSIL","16-028",NA,NA
"724","MIGUEL HIDALGO","GRANADA (AMPL)","16-032",7,11
"725","VENUSTIANO CARRANZA","AVIACION CIVIL (AMPL)","17-008",6,NA
"726","IZTAPALAPA","PEON VIEJO (U HAB)","07-158",NA,NA
"727","TLALPAN","TORRES DE PADIERNA","12-181",12,13
"728","CUAUHTEMOC","TABACALERA","15-031",18,18
"729","VENUSTIANO CARRANZA","CENTRO II","17-073",9,9
"730","CUAJIMALPA DE MORELOS","LOMAS DE MEMETLA","04-031",NA,NA
"731","GUSTAVO A. MADERO","LINDAVISTA I","05-225",10,10
"732","IZTAPALAPA","LOS ANGELES","07-130",45,38
"733","IZTAPALAPA","PASEOS DE CHURUBUSCO","07-157",14,16
"734","XOCHIMILCO","LA ASUNCION (BARR)","13-017",18,17
"735","BENITO JUAREZ","NARVARTE IV","14-063",15,14
"736","MIGUEL HIDALGO","SAN JOAQUIN","16-073",10,7
"737","COYOACAN","BOSQUES DE TETLAMEYA","03-009",NA,NA
"738","CUAJIMALPA DE MORELOS","LOMAS DE VISTA HERMOSA","04-032",7,7
"739","ALVARO OBREGON","PALMAS","10-166",6,NA
"740","BENITO JUAREZ","PORTALES IV","14-069",9,7
"741","AZCAPOTZALCO","NUEVA SANTA MARIA","02-052",NA,NA
"742","COYOACAN","EMILIANO ZAPATA (U HAB)","03-049",NA,NA
"743","GUSTAVO A. MADERO","CAPULTITLAN","05-018",20,19
"744","ALVARO OBREGON","LOMAS DE SANTA FE II","10-248",6,6
"745","XOCHIMILCO","BARRIO 18","13-003",11,10
"746","BENITO JUAREZ","ALBERT","14-004",NA,NA
"747","AZCAPOTZALCO","SAN PABLO XALPA (U HAB)","02-084",8,10
"748","GUSTAVO A. MADERO","SAN JUAN DE ARAGON 7 SECC (U HAB) I","05-247",16,16
"749","TLALPAN","CANTERA PUENTE DE PIEDRA","12-018",15,14
"750","MIGUEL HIDALGO","TORRES TOREO","16-027",10,10
"751","GUSTAVO A. MADERO","PROVIDENCIA (AMPL)","05-143",28,23
"752","GUSTAVO A. MADERO","15 DE AGOSTO","05-206",12,13
"753","TLALPAN","MA ESTHER ZUNO DE ECHEVERRIA-TLALPUENTE","12-092",NA,NA
"754","VENUSTIANO CARRANZA","EL ARENAL PTO AEREO (FRACC)","17-022",8,9
"755","GUSTAVO A. MADERO","VALLE DE MADERO","05-192",19,18
"756","LA MAGDALENA CONTRERAS","SAN FRANCISCO","08-043",12,12
"757","IZTACALCO","SAN MIGUEL","06-030",17,16
"758","MIGUEL HIDALGO","PENSIL SAN JUANICO","16-061",20,16
"759","AZCAPOTZALCO","EL JAGUEY-ESTACION PANTACO","02-021",NA,NA
"760","AZCAPOTZALCO","SANTA APOLONIA (BARR)","02-089",7,8
"761","GUSTAVO A. MADERO","CTM EL RISCO (U HAB)","05-032",22,21
"762","VENUSTIANO CARRANZA","SANTA CRUZ AVIACION","17-056",7,NA
"763","AZCAPOTZALCO","JARDIN AZPEITIA","02-038",NA,NA
"764","AZCAPOTZALCO","LA PRECIOSA","02-040",7,6
"765","CUAJIMALPA DE MORELOS","ABDIAS GARCIA SOTO","04-001",NA,NA
"766","GUSTAVO A. MADERO","LA FORESTAL","05-098",21,19
"767","GUSTAVO A. MADERO","JOYAS VALLEJO (U HAB)","05-214",NA,NA
"768","IZTACALCO","INFONAVIT IZTACALCO (U HAB) II","06-053",13,11
"769","IZTAPALAPA","MIRAVALLE","07-143",23,22
"770","ALVARO OBREGON","DESARROLLO URBANO","10-052",NA,NA
"771","ALVARO OBREGON","GOLONDRINAS","10-079",8,7
"772","ALVARO OBREGON","TLACOYAQUE (AMPL)","10-220",13,13
"773","MIGUEL HIDALGO","DANIEL GARZA","16-024",13,11
"774","VENUSTIANO CARRANZA","10 DE MAYO","17-065",NA,NA
"775","GUSTAVO A. MADERO","CUCHILLA LA JOYA","05-036",11,10
"776","IZTAPALAPA","FRANCISCO VILLA","07-076",39,35
"777","ALVARO OBREGON","BELEN DE LAS FLORES (U HAB)","10-231",NA,NA
"778","TLALPAN","2 DE OCTUBRE","12-205",9,9
"779","MIGUEL HIDALGO","TORRE BLANCA (AMPL)","16-004",NA,NA
"780","IZTAPALAPA","SANTA CRUZ MEYEHUALCO (PBLO)","07-206",19,19
"781","TLALPAN","EX HACIENDA SAN JUAN DE DIOS","12-042",NA,NA
"782","GUSTAVO A. MADERO","CHALMA DE GUADALUPE II","05-220",17,16
"783","GUSTAVO A. MADERO","ACUEDUCTO DE GUADALUPE (RDCIAL)","05-001",8,7
"784","GUSTAVO A. MADERO","GRANJAS MODERNAS-SAN JUAN DE ARAGON (AMPL)","05-070",7,8
"785","XOCHIMILCO","SAN MARCOS (BARR)","13-055",19,19
"786","CUAUHTEMOC","BUENAVISTA II","15-036",18,17
"787","AZCAPOTZALCO","PORVENIR","02-061",NA,NA
"788","IZTAPALAPA","SAN ANDRES TOMATLAN (PBLO)","07-176",9,8
"789","IZTAPALAPA","SINATEL","07-223",NA,NA
"790",NA,NA,"15-018",NA,NA
"791","CUAUHTEMOC","CENTRO III","15-039",9,9
"792","CUAUHTEMOC","CENTRO V","15-041",7,7
"793","MIGUEL HIDALGO","16 DE SEPTIEMBRE","16-086",NA,NA
"794","AZCAPOTZALCO","EUZKADI","02-026",6,NA
"795","AZCAPOTZALCO","FRANCISCO VILLA (U HAB)","02-030",8,7
"796","AZCAPOTZALCO","SANTA CATARINA (PBLO)","02-091",6,NA
"797","GUSTAVO A. MADERO","LA PASTORA","05-106",22,19
"798","GUSTAVO A. MADERO","TRES ESTRELLAS","05-189",17,12
"799","GUSTAVO A. MADERO","PROGRESO NACIONAL I","05-232",13,11
"800","IZTACALCO","MILITAR MARTE","06-019",8,7
"801","IZTAPALAPA","LOMAS DE LA ESTANCIA I","07-281",8,9
"802","ALVARO OBREGON","JALALPA (AMPL)","10-014",6,NA
"803","MIGUEL HIDALGO","NEXTITLA","16-056",NA,NA
"804","AZCAPOTZALCO","MONTE ALTO","02-048",NA,NA
"805","AZCAPOTZALCO","TRABAJADORES DEL HIERRO","02-106",7,NA
"806","GUSTAVO A. MADERO","NARCISO BASSOLS (U HAB)","05-127",11,8
"807","IZTAPALAPA","CONSTITUCION DE 1917 II","07-267",11,7
"808","ALVARO OBREGON","COLINAS DEL SUR","10-044",16,13
"809","TLAHUAC","EL ROSARIO","11-006",22,23
"810","COYOACAN","PRESIDENTES EJIDALES SEGUNDA SECCION","03-152",15,16
"811","GUSTAVO A. MADERO","NUEVA INDUSTRIAL VALLEJO (FRACC)","05-129",NA,NA
"812","IZTAPALAPA","GUADALUPE (BARR)","07-087",16,16
"813","IZTAPALAPA","VICENTE GUERRERO SUPER MANZANA 5 (U HAB)","07-246",7,7
"814","ALVARO OBREGON","JALALPA","10-088",26,23
"815","BENITO JUAREZ","SAN JOSE INSURGENTES","14-041",7,6
"816","AZCAPOTZALCO","LOS REYES (BARR)","02-045",15,11
"817","AZCAPOTZALCO","PATRIMONIO FAMILIAR","02-057",NA,NA
"818","AZCAPOTZALCO","SANTA INES","02-094",6,6
"819","COYOACAN","PILOTO CULHUACAN (U HAB)","03-093",9,9
"820","GUSTAVO A. MADERO","EL OLIVO","05-051",6,6
"821","IZTAPALAPA","MAGDALENA ATLAZOLPA (PBLO)","07-137",NA,NA
"822","IZTAPALAPA","EJERCITO DE ORIENTE (U HAB) II","07-272",29,23
"823","IZTAPALAPA","ERMITA ZARAGOZA (U HAB) II","07-274",27,25
"824","TLALPAN","ARENAL GUADALUPE TLALPAN","12-008",10,9
"825","TLALPAN","SANTISIMA TRINIDAD","12-162",NA,NA
"826","GUSTAVO A. MADERO","DEFENSORES DE LA REPUBLICA","05-037",NA,NA
"827","LA MAGDALENA CONTRERAS","SAN FRANCISCO (BARR)","08-044",12,12
"828","ALVARO OBREGON","LOMAS DE LOS ANGELES TETELPAN","10-134",9,6
"829","ALVARO OBREGON","TECOLALCO","10-208",NA,NA
"830","XOCHIMILCO","LA CONCEPCION TLACOAPA (BARR)","13-020",12,13
"831","CUAUHTEMOC","ALGARIN","15-001",21,19
"832","AZCAPOTZALCO","ANGEL ZIMBRON","02-005",16,15
"833","AZCAPOTZALCO","PETROLERA","02-059",NA,NA
"834","AZCAPOTZALCO","PRADOS DEL ROSARIO","02-063",NA,NA
"835","COYOACAN","CTM IX CULHUACAN ZONA 29-30 (U HAB)","03-027",NA,NA
"836","TLAHUAC","LOPEZ PORTILLO","11-022",27,26
"837","XOCHIMILCO","PASEOS DEL SUR","13-032",NA,NA
"838","XOCHIMILCO","TIERRA NUEVA","13-071",7,7
"839","COYOACAN","CTM X CULHUACAN (U HAB)","03-034",10,8
"840","COYOACAN","VILLA QUIETUD (FRACC)","03-122",NA,NA
"841","MIGUEL HIDALGO","REFORMA SOCIAL","16-070",19,19
"842","VENUSTIANO CARRANZA","DAMIAN CARMONA","17-017",11,11
"843","GUSTAVO A. MADERO","SANTIAGO ATEPETLAC","05-172",12,11
"844","IZTACALCO","NUEVA STA ANITA","06-021",8,8
"845","IZTACALCO","AGRICOLA ORIENTAL VI","06-045",35,36
"846","IZTAPALAPA","EL MOLINO","07-054",22,23
"847","LA MAGDALENA CONTRERAS","LA CONCEPCION","08-021",NA,NA
"848","ALVARO OBREGON","LA CEBADA (AMPL)","10-098",NA,NA
"849","TLALPAN","LOMAS HIDALGO","12-086",14,14
"850","BENITO JUAREZ","OCHO DE AGOSTO","14-034",NA,NA
"851","CUAUHTEMOC","NONOALCO-TLATELOLCO (U HAB) II","15-060",22,22
"852","COYOACAN","INFONAVIT CULHUACAN ZONA 1 (U HAB)","03-056",NA,NA
"853","IZTAPALAPA","XALPA II","07-306",16,16
"854","LA MAGDALENA CONTRERAS","SAN NICOLAS TOTOLAPAN","08-047",11,12
"855","ALVARO OBREGON","LOMAS DE PLATEROS (U HAB) II","10-251",13,13
"856","TLAHUAC","QUIAHUATLA","11-030",17,17
"857","TLALPAN","AMPLIACION MIGUEL HIDALGO 4A SECC","12-004",13,14
"858","TLALPAN","EL ARENAL","12-036",NA,NA
"859","GUSTAVO A. MADERO","VILLA GUSTAVO A MADERO","05-199",12,12
"860","IZTAPALAPA","BUENAVISTA I","07-258",11,8
"861","AZCAPOTZALCO","EL ROSARIO B (U HAB)","02-024",16,13
"862","AZCAPOTZALCO","HOGAR Y SEGURIDAD/NUEVA SANTA MARIA","02-032",NA,NA
"863","AZCAPOTZALCO","LAS SALINAS","02-042",NA,NA
"864","AZCAPOTZALCO","LIBERTAD","02-044",NA,NA
"865","AZCAPOTZALCO","VICTORIA DE LAS DEMOCRACIAS","02-108",7,6
"866","COYOACAN","CAFETALES I (RDCIAL)","03-010",NA,NA
"867","COYOACAN","CUADRANTE DE SAN FRANCISCO","03-035",6,7
"868","COYOACAN","ESPARTACO","03-050",NA,NA
"869","COYOACAN","INFONAVIT CULHUACAN ZONA 3 (U HAB)","03-058",NA,NA
"870","COYOACAN","PASEOS DE TAXQUEA I","03-133",NA,NA
"871","CUAJIMALPA DE MORELOS","EBANO (U HAB)","04-014",NA,NA
"872","CUAJIMALPA DE MORELOS","EL MOLINO","04-017",NA,NA
"873","GUSTAVO A. MADERO","ARAGON INGUARAN","05-005",7,8
"874","GUSTAVO A. MADERO","EMILIANO ZAPATA","05-052",18,14
"875","GUSTAVO A. MADERO","LA CASILDA","05-094",13,11
"876","GUSTAVO A. MADERO","LA CRUZ (BARR)","05-095",NA,NA
"877","GUSTAVO A. MADERO","LA ESMERALDA I","05-096",9,8
"878","GUSTAVO A. MADERO","SAN MIGUEL-LA ESCALERA (BARR)","05-166",7,7
"879","GUSTAVO A. MADERO","TEPETATAL","05-180",NA,NA
"880","GUSTAVO A. MADERO","TRIUNFO DE LA REPUBLICA","05-190",NA,NA
"881","IZTAPALAPA","ALCANFORES (U HAB)","07-003",NA,NA
"882","IZTAPALAPA","AO DE JUAREZ","07-007",NA,NA
"883","IZTAPALAPA","CANANEA (U HAB)","07-022",8,6
"884","IZTAPALAPA","EL TRIANGULO","07-063",8,7
"885","IZTAPALAPA","JUSTO SIERRA","07-103",NA,NA
"886","IZTAPALAPA","LA POLVORILLA","07-114",11,11
"887","IZTAPALAPA","LEYES DE REFORMA 1A SECCION","07-119",25,26
"888","IZTAPALAPA","LOMAS EL MANTO","07-126",NA,NA
"889","IZTAPALAPA","LOS REYES (AMPL)","07-134",20,16
"890","IZTAPALAPA","LOS REYES (PBLO)","07-135",12,12
"891","IZTAPALAPA","RICARDO FLORES MAGON (AMPL)","07-173",7,7
"892","IZTAPALAPA","SAN JOSE (BARR)","07-181",19,16
"893","IZTAPALAPA","SAN LORENZO XICOTENCATL (PBLO)","07-194",8,8
"894","IZTAPALAPA","SAN PABLO I, II Y V-LOMAS DEL PARAISO","07-201",20,16
"895","IZTAPALAPA","SAN SEBASTIAN TECOLOXTITLAN (PBLO)","07-203",7,NA
"896","IZTAPALAPA","SANTA MARIA DEL MONTE","07-211",NA,NA
"897","IZTAPALAPA","SINATEL (AMPL)","07-224",NA,NA
"898","IZTAPALAPA","XOPA (U HAB)","07-250",NA,NA
"899","IZTAPALAPA","1A AMPLIACION SANTIAGO ACAHUALTEPEC","07-254",21,18
"900","IZTAPALAPA","CHINAMPAC DE JUAREZ I","07-262",12,11
"901","IZTAPALAPA","VALLE DE SAN LORENZO II","07-304",9,8
"902","IZTAPALAPA","TENORIOS (AMPL)","07-318",7,6
"903","LA MAGDALENA CONTRERAS","ATACAXCO","08-001",NA,NA
"904","LA MAGDALENA CONTRERAS","INDEPENDENCIA SAN RAMON (U HAB)","08-017",NA,NA
"905","ALVARO OBREGON","BELEN DE LAS FLORES","10-029",7,7
"906","ALVARO OBREGON","BOSQUES DE TARANGO","10-033",7,6
"907","ALVARO OBREGON","EL CAPULIN (AMPL)","10-060",NA,NA
"908","ALVARO OBREGON","GOLONDRINAS 2DA SECCION","10-081",NA,NA
"909","ALVARO OBREGON","LA CAADA","10-096",NA,NA
"910","ALVARO OBREGON","LOMAS DE BECERRA (U HAB)","10-125",NA,NA
"911","ALVARO OBREGON","PUENTE COLORADO","10-184",7,6
"912","ALVARO OBREGON","SANTA FE (U HAB)","10-199",8,8
"913","ALVARO OBREGON","TLAPECHICO","10-224",11,11
"914","ALVARO OBREGON","ZENON DELGADO","10-239",NA,NA
"915","TLAHUAC","VILLAS DE LOS TRABAJADORES (GDF) (U HAB)","11-053",NA,NA
"916","TLALPAN","CHICHICASPATL","12-019",9,10
"917",NA,NA,"12-020",NA,NA
"918","TLALPAN","JARDINES EN LA MONTAA","12-067",NA,NA
"919","TLALPAN","LA  LONJA","12-069",8,NA
"920","TLALPAN","LA PRIMAVERA","12-076",NA,NA
"921","TLALPAN","LOMAS DEL PEDREGAL","12-085",NA,NA
"922","TLALPAN","NARCISO MENDOZA-VILLA COAPA SUPER MANZANA 3 (U HAB)","12-105",NA,NA
"923","TLALPAN","PUEBLO QUIETO","12-133",NA,NA
"924","TLALPAN","SAN MIGUEL TEHUISCO-LOS ANGELES-AYOMETITLA","12-156",NA,6
"925","TLALPAN","SAUZALES CEBADALES (U HAB)","12-164",NA,NA
"926","TLALPAN","VERGEL DE COYOACAN-VERGEL DEL SUR","12-188",NA,NA
"927","XOCHIMILCO","EL CARMEN","13-011",16,17
"928","XOCHIMILCO","HUICHAPAN","13-014",7,7
"929","XOCHIMILCO","LOS CERRILLOS III","13-027",10,10
"930","XOCHIMILCO","RINCONADA DEL SUR (U HAB)","13-034",NA,NA
"931","XOCHIMILCO","SAN JUAN (BARR)","13-047",9,9
"932","XOCHIMILCO","SAN LORENZO (BARR)","13-049",10,12
"933","XOCHIMILCO","TECACALANCO","13-068",NA,NA
"934","XOCHIMILCO","SAN LORENZO LA CEBADA I","13-075",18,18
"935","XOCHIMILCO","LA NORIA","13-081",NA,NA
"936","BENITO JUAREZ","GENERAL PEDRO MARIA ANAYA","14-015",8,NA
"937","BENITO JUAREZ","NOCHE BUENA","14-032",NA,NA
"938","BENITO JUAREZ","RESIDENCIAL EMPERADORES","14-040",NA,NA
"939","BENITO JUAREZ","ZACAHUITZCO","14-050",8,8
"940","CUAUHTEMOC","VISTA ALEGRE","15-034",NA,NA
"941","CUAUHTEMOC","HIPODROMO II","15-055",7,6
"942","CUAUHTEMOC","NONOALCO-TLATELOLCO (U HAB) I","15-059",7,6
"943","MIGUEL HIDALGO","AHUEHUETES ANAHUAC","16-002",7,NA
"944","MIGUEL HIDALGO","LOMA HERMOSA (CONJ HAB)","16-038",NA,NA
"945","VENUSTIANO CARRANZA","20 DE NOVIEMBRE (AMPL)","17-067",NA,6
"946","IZTACALCO","REFORMA IZTACCIHUATL NORTE","06-027",8,8
"947","BENITO JUAREZ","TLACOQUEMECATL DEL VALLE","14-046",NA,NA
"948","BENITO JUAREZ","VILLA DE CORTES","14-048",NA,NA
"949","BENITO JUAREZ","DEL VALLE IV","14-056",9,6
"950","AZCAPOTZALCO","COSMOPOLITA (AMPL)","02-011",NA,NA
"951","IZTAPALAPA","DR ALFONSO ORTIZ TIRADO","07-041",9,8
"952","IZTAPALAPA","2A AMPLIACION SANTIAGO ACAHUALTEPEC I","07-308",15,17
"953","TLALPAN","SAN MIGUEL TOXIAC","12-208",NA,NA
"954","BENITO JUAREZ","DEL VALLE II","14-054",22,22
"955","CUAUHTEMOC","HIPODROMO I","15-054",NA,NA
"956","GUSTAVO A. MADERO","DEL OBRERO","05-039",19,21
"957","ALVARO OBREGON","FRANCISCO VILLA","10-074",24,21
"958","ALVARO OBREGON","JURISTAS","10-093",7,6
"959","TLALPAN","LOMAS ALTAS DE PADIERNA SUR","12-079",10,10
"960","ALVARO OBREGON","LA JOYA","10-103",NA,NA
"961","BENITO JUAREZ","XOCO","14-049",NA,NA
"962","CUAJIMALPA DE MORELOS","JESUS DEL MONTE","04-022",8,6
"963","IZTAPALAPA","EL SANTUARIO (AMPL)","07-061",7,7
"964","ALVARO OBREGON","ISIDRO FABELA","10-087",NA,NA
"965","MIGUEL HIDALGO","VERONICA ANZURES","16-084",NA,NA
"966","GUSTAVO A. MADERO","VILLA HERMOSA","05-200",NA,NA
"967","GUSTAVO A. MADERO","SAN JUAN DE ARAGON 2A SECCION (U HAB) II","05-244",12,10
"968","IZTAPALAPA","SAN LORENZO TEZONCO (BARR)","07-190",15,15
"969","IZTAPALAPA","VICENTE GUERRERO SUPER MANZANA 4 (U HAB)","07-245",NA,NA
"970","IZTAPALAPA","SAN MIGUEL TEOTONGO I","07-291",12,13
"971","TLAHUAC","DEL MAR NORTE","11-003",8,7
"972","BENITO JUAREZ","NARVARTE VI","14-065",6,NA
"973","VENUSTIANO CARRANZA","CUATRO ARBOLES","17-015",NA,NA
"974","COYOACAN","INSURGENTES CUICUILCO","03-059",NA,NA
"975","MIGUEL HIDALGO","LOS MORALES (POLANCO)","16-047",NA,NA
"976","AZCAPOTZALCO","PEMEX PRADOS DEL ROSARIO (U HAB)","02-058",6,NA
"977","IZTAPALAPA","EMILIANO ZAPATA (AMPL)","07-069",13,12
"978","ALVARO OBREGON","COVE","10-049",18,16
"979","TLALPAN","FUENTES BROTANTES MIGUEL HIDALGO (U HAB)","12-047",NA,NA
"980","VENUSTIANO CARRANZA","VENUSTIANO CARRANZA (AMPL)","17-063",NA,NA
"981","CUAJIMALPA DE MORELOS","EL YAQUI","04-019",NA,NA
"982","IZTACALCO","PICOS IZTACALCO 1-A","06-023",6,NA
"983","ALVARO OBREGON","BONANZA","10-032",NA,NA
"984","VENUSTIANO CARRANZA","AMPL CARACOL","17-013",11,8
"985","VENUSTIANO CARRANZA","PRIMERO DE MAYO","17-051",NA,NA
"986","VENUSTIANO CARRANZA","VIADUCTO  - BALBUENA )CONJ HAB)","17-064",13,13
"987","GUSTAVO A. MADERO","PANAMERICANA (AMPL)","05-134",NA,NA
"988","ALVARO OBREGON","PRESIDENTES 1RA (AMPL)","10-178",NA,8
"989","TLALPAN","ROMULO SANCHEZ-SAN FERNANDO (BARR)-PEA POBRE","12-146",NA,NA
"990","XOCHIMILCO","SAN JUAN TEPEPAN","13-048",6,NA
"991","XOCHIMILCO","TESMIC (RDCIAL)","13-070",NA,NA
"992","MIGUEL HIDALGO","ANZURES","16-013",9,9
"993","COYOACAN","PASEOS DE TAXQUEA II","03-134",NA,NA
"994","ALVARO OBREGON","2DA  JALALPA TEPITO (AMPL)","10-246",17,15
"995","MIGUEL HIDALGO","PLUTARCO ELIAS CALLES","16-064",NA,NA
"996","AZCAPOTZALCO","SINDICATO MEXICANO DE ELECTRICISTAS","02-101",8,7
"997","IZTAPALAPA","EJTO CONSTITUCIONALISTA, SUPERMANZANA III (U HAB)","07-048",14,14
"998","ALVARO OBREGON","SANTA LUCIA (PBLO)","10-202",NA,NA
"999","LA MAGDALENA CONTRERAS","SUBESTACION","08-050",NA,NA
"1000","MIGUEL HIDALGO","BOSQUE DE CHAPULTEPEC I, II Y III SECCIONES","16-015",NA,NA
"1001","VENUSTIANO CARRANZA","AERONAUTICA MILITAR","17-003",10,10
"1002","AZCAPOTZALCO","AGUILERA","02-001",NA,NA
"1003","AZCAPOTZALCO","COSMOPOLITA","02-010",NA,NA
"1004","AZCAPOTZALCO","EX-HACIENDA EL ROSARIO","02-027",8,8
"1005","AZCAPOTZALCO","FERRERIA","02-028",NA,NA
"1006","AZCAPOTZALCO","SAN MATEO","02-082",NA,NA
"1007","COYOACAN","COPILCO UNIVERSIDAD","03-024",7,6
"1008","COYOACAN","CTM IXA CULHUACAN (U HAB)","03-028",6,NA
"1009","COYOACAN","EL MIRADOR","03-043",NA,NA
"1010","COYOACAN","HERMOSILLO","03-053",NA,NA
"1011","COYOACAN","INFONAVIT CULHUACAN ZONA 2 (U HAB)","03-057",7,6
"1012","COYOACAN","LOS GIRASOLES I","03-073",NA,NA
"1013","COYOACAN","LOS GIRASOLES II","03-074",NA,NA
"1014","COYOACAN","LOS GIRASOLES III","03-075",7,8
"1015","COYOACAN","SAN MATEO (BARR)","03-104",NA,NA
"1016","COYOACAN","VILLA PANAMERICANA 3ERA. SECCIN (U HAB)","03-117",NA,NA
"1017","COYOACAN","ALIANZA POPULAR REVOLUCIONARIA PONIENTE (U HAB)","03-132",7,7
"1018","COYOACAN","EX EJIDO SAN FRANCISCO CULHUACAN III","03-158",NA,NA
"1019","GUSTAVO A. MADERO","LA ESMERALDA (U HAB)","05-097",NA,NA
"1020","GUSTAVO A. MADERO","LA PRADERA I (U HAB)","05-109",8,7
"1021","GUSTAVO A. MADERO","PLAZA ORIENTE (RDCIAL)","05-138",NA,NA
"1022","GUSTAVO A. MADERO","RESIDENCIAL LA ESCALERA (FRACC)","05-145",NA,NA
"1023","GUSTAVO A. MADERO","ZONA ESCOLAR ORIENTE","05-205",9,8
"1024","IZTACALCO","REFORMA IZTACCIHUATL SUR","06-028",NA,NA
"1025","IZTACALCO","SAN FCO XICALTONGO","06-029",8,8
"1026","IZTAPALAPA","ALBARRADAS (U HAB)","07-002",NA,NA
"1027","IZTAPALAPA","CAMPESTRE POTRERO","07-021",18,15
"1028","IZTAPALAPA","EL TRIUNFO (AMPL)","07-065",17,17
"1029","IZTAPALAPA","LA ESPERANZA","07-107",NA,NA
"1030","IZTAPALAPA","LAS AMERICAS (U HAB)","07-117",NA,NA
"1031","IZTAPALAPA","LEYES DE REFORMA 2A SECCION","07-120",13,13
"1032","IZTAPALAPA","LOS ANGELES APANOAYA","07-131",20,19
"1033","IZTAPALAPA","MIXCOATL","07-144",9,8
"1034","IZTAPALAPA","MODELO (U)","07-145",NA,NA
"1035","IZTAPALAPA","PRIVADA GAVILAN (U HAB)","07-163",NA,NA
"1036","IZTAPALAPA","PURISIMA I","07-168",7,6
"1037","IZTAPALAPA","RINCONADA EL MOLINO","07-174",15,13
"1038","IZTAPALAPA","SAN ANTONIO CULHUACAN (BARR)","07-178",11,12
"1039","IZTAPALAPA","SAN JOSE ACULCO","07-182",9,9
"1040","IZTAPALAPA","SAN PABLO (BARR)","07-200",11,8
"1041","IZTAPALAPA","SAN PEDRO (BARR)","07-202",14,13
"1042","IZTAPALAPA","SANTA MARTHA ACATITLA SUR (AMPL)","07-216",9,8
"1043","IZTAPALAPA","SANTIAGO ACAHUALTEPEC (PBLO)","07-219",18,17
"1044","IZTAPALAPA","VICENTE GUERRERO SUPER MANZANA 2 (U HAB)","07-243",NA,NA
"1045","IZTAPALAPA","8A DE SAN MIGUEL (AMPL)","07-256",NA,NA
"1046","IZTAPALAPA","BUENAVISTA II","07-259",16,15
"1047","LA MAGDALENA CONTRERAS","POTRERILLO (AMPL)","08-037",NA,NA
"1048","LA MAGDALENA CONTRERAS","VISTA HERMOSA","08-053",NA,NA
"1049","ALVARO OBREGON","ALPES (AMPL)","10-011",NA,NA
"1050","ALVARO OBREGON","ARTURO MARTINEZ","10-018",8,NA
"1051","ALVARO OBREGON","AXOTLA","10-024",NA,NA
"1052","ALVARO OBREGON","BEJERO","10-028",7,6
"1053","ALVARO OBREGON","CANUTILLO 3RA SECCION","10-038",NA,NA
"1054","ALVARO OBREGON","CAROLA","10-040",NA,NA
"1055","ALVARO OBREGON","CORPUS CURISTY AMPL XOCOMECATLA","10-048",NA,NA
"1056","ALVARO OBREGON","ESTADO DE HIDALGO","10-071",NA,NA
"1057","ALVARO OBREGON","JALALPA TEPITO","10-090",17,13
"1058","ALVARO OBREGON","LADERA GRANDE O LA CEBADITA","10-113",NA,NA
"1059","ALVARO OBREGON","LAS PALMAS","10-119",NA,NA
"1060","ALVARO OBREGON","LIBERACION PROLETARIA","10-120",NA,NA
"1061","ALVARO OBREGON","LLANO REDONDO","10-122",NA,NA
"1062","ALVARO OBREGON","LOMAS DE NUEVO MEXICO","10-136",NA,NA
"1063","ALVARO OBREGON","LOMAS DE TARANGO","10-143",11,11
"1064","ALVARO OBREGON","MOLINO DE SANTO DOMINGO (U HAB)","10-160",NA,NA
"1065","ALVARO OBREGON","PARAJE EL CABALLITO","10-168",6,NA
"1066","ALVARO OBREGON","POLVORA","10-174",10,10
"1067","ALVARO OBREGON","UNION POPULAR EMILIANO ZAPATA (U HAB)","10-234",8,6
"1068","ALVARO OBREGON","ESTADO DE HIDALGO_","10-247",8,8
"1069","TLAHUAC","FRANCISCO VILLA","11-010",12,13
"1070","TLAHUAC","3 DE MAYO","11-054",NA,NA
"1071","TLAHUAC","TEMPILULI","11-061",NA,NA
"1072","TLALPAN","COAPA 2A SECCION-RAMOS MILLAN","12-024",8,7
"1073","TLALPAN","CONJUNTO URBANO CUEMANCO (U HAB)","12-027",NA,NA
"1074","TLALPAN","CRUZ DEL FAROL","12-029",11,13
"1075","TLALPAN","FUENTES DEL PEDREGAL","12-049",7,6
"1076","TLALPAN","HUESO PERIFERICO-ISSSFAM NO. 7 (U HABS)","12-057",NA,NA
"1077","TLALPAN","JARDINES DEL AJUSCO","12-066",NA,NA
"1078","TLALPAN","LA GUADALUPANA","12-071",NA,NA
"1079","TLALPAN","COAPA-VILLA CUEMANCO","12-093",NA,NA
"1080","TLALPAN","MIRADOR DEL VALLE","12-099",NA,NA
"1081","TLALPAN","MIRADOR I","12-100",NA,NA
"1082","TLALPAN","NARCISO MENDOZA-VILLA COAPA SUPER MANZANA 1 (U HAB)","12-103",NA,NA
"1083","TLALPAN","PARQUES DEL PEDREGAL","12-114",NA,NA
"1084","TLALPAN","PLAN DE AYALA","12-125",NA,NA
"1085","TLALPAN","XAXALCO","12-200",8,8
"1086","XOCHIMILCO","JARDINES DEL SUR","13-015",NA,NA
"1087","XOCHIMILCO","NATIVITAS","13-028",NA,NA
"1088","XOCHIMILCO","NATIVITAS (U HAB)","13-029",NA,NA
"1089","XOCHIMILCO","SAN BARTOLO EL CHICO","13-037",NA,NA
"1090","XOCHIMILCO","SAN DIEGO (BARR)","13-039",9,6
"1091","XOCHIMILCO","SANTA CRUZ CHAVARRIETA","13-061",8,8
"1092","BENITO JUAREZ","NAPOLES (AMPL)","14-006",NA,NA
"1093","BENITO JUAREZ","ATENOR SALAS","14-007",6,NA
"1094","BENITO JUAREZ","CIUDAD DE LOS DEPORTES","14-009",8,6
"1095","BENITO JUAREZ","IZTACCIHUATL","14-019",NA,NA
"1096","BENITO JUAREZ","JOSEFA ORTIZ DE DOMINGUEZ","14-020",NA,NA
"1097","BENITO JUAREZ","MIRAVALLE","14-025",NA,NA
"1098","BENITO JUAREZ","SAN JUAN","14-042",13,9
"1099","BENITO JUAREZ","VERTIZ NARVARTE","14-047",NA,NA
"1100","CUAUHTEMOC","FELIPE PESCADOR","15-013",10,6
"1101","MIGUEL HIDALGO","ANGEL ZIMBRON","16-012",NA,NA
"1102","MIGUEL HIDALGO","REFORMA PENSIL","16-069",19,14
"1103","VENUSTIANO CARRANZA","AZTECA","17-009",NA,NA
"1104","VENUSTIANO CARRANZA","FELIPE ANGELES","17-027",8,7
"1105","VENUSTIANO CARRANZA","SEVILLA","17-057",7,7
"1106","VENUSTIANO CARRANZA","7 DE JULIO","17-070",NA,NA
"1107","COYOACAN","NUEVA DIAZ ORDAZ","03-082",NA,NA
"1108","COYOACAN","AMPLIACION SAN FRANCISCO CULHUACAN (EJ)","03-102",8,6
"1109","GUSTAVO A. MADERO","LOMAS DE CUAUTEPEC","05-115",24,24
"1110","GUSTAVO A. MADERO","SAN JUAN DE ARAGON 6A SECCION (U HAB) II","05-256",11,9
"1111","ALVARO OBREGON","EL PIRUL","10-065",12,13
"1112","ALVARO OBREGON","TLACOPAC","10-218",NA,NA
"1113","AZCAPOTZALCO","SAN BARTOLO CAHUALTONGO (PBLO)","02-075",10,10
"1114","BENITO JUAREZ","PORTALES ORIENTE","14-038",22,23
"1115","ALVARO OBREGON","GARCIMARRERO","10-076",8,8
"1116","ALVARO OBREGON","LAS AGUILAS SECC HORNOS","10-116",NA,NA
"1117","AZCAPOTZALCO","POTRERO DEL LLANO","02-062",NA,NA
"1118","CUAJIMALPA DE MORELOS","MANZANASTITLA","04-034",NA,NA
"1119","ALVARO OBREGON","ALPES","10-010",8,NA
"1120","ALVARO OBREGON","LA ARAA","10-095",NA,NA
"1121","TLAHUAC","LA MESA","11-018",NA,NA
"1122","CUAUHTEMOC","ROMA NORTE I","15-068",14,12
"1123","ALVARO OBREGON","LA ANGOSTURA","10-094",NA,NA
"1124","TLALPAN","VALLE DE TEPEPAN","12-183",NA,NA
"1125","ALVARO OBREGON","LAS CUEVITAS","10-118",6,6
"1126","TLALPAN","PEDREGAL DE LAS AGUILAS","12-116",7,7
"1127","IZTAPALAPA","EJERCITO DE AGUA PRIETA","07-042",13,11
"1128","ALVARO OBREGON","REAL DEL MONTE","10-189",NA,NA
"1129","TLALPAN","BELISARIO DOMINGUEZ","12-215",NA,NA
"1130","IZTAPALAPA","SAN JUANICO NEXTIPAC (PBLO)","07-188",7,7
"1131","TLALPAN","AMSA","12-005",6,7
"1132","ALVARO OBREGON","LIBERALES DE 1857","10-121",26,21
"1133","ALVARO OBREGON","LOMAS DE PUERTA GRANDE","10-138",7,6
"1134","ALVARO OBREGON","PARQUE RESIDENCIAL SAN ANTONIO (U HAB)","10-169",NA,NA
"1135","ALVARO OBREGON","PUEBLO NUEVO","10-183",NA,NA
"1136","ALVARO OBREGON","TARANGO (U HAB)","10-206",NA,NA
"1137","ALVARO OBREGON","TEPEACA (AMPL)","10-211",7,7
"1138","TLALPAN","JARDINES DE SAN JUAN","12-065",20,18
"1139","ALVARO OBREGON","TORRES SAN PEDRO (U HAB)","10-230",NA,NA
"1140","ALVARO OBREGON","1RA VICTORIA","10-242",NA,NA
"1141","TLALPAN","NUEVA ORIENTAL COAPA-EX HACIENDA COAPA","12-109",NA,NA
"1142","COYOACAN","JARDINES DE COYOACAN (FRACC)","03-061",NA,NA
"1143","COYOACAN","SAN LUCAS (BARR)","03-103",8,8
"1144","COYOACAN","VISTAS DEL MAUREL (U HAB)","03-124",8,8
"1145","CUAJIMALPA DE MORELOS","LOMAS DEL CHAMIZAL","04-033",6,7
"1146","IZTAPALAPA","ALVARO OBREGON","07-005",7,7
"1147","IZTAPALAPA","CACAMA","07-020",NA,NA
"1148","IZTAPALAPA","EJTO CONSTITUCIONALISTA, SUPERMANZANA I ( U HAB)","07-046",15,14
"1149","IZTAPALAPA","EL PRADO","07-056",NA,NA
"1150","IZTAPALAPA","IGNACIO ZARAGOZA (U HAB)","07-094",9,6
"1151","IZTAPALAPA","LOS PICOS VI B","07-133",16,16
"1152","IZTAPALAPA","STA MA AZTAHUACAN (PBLO)","07-227",33,31
"1153","IZTAPALAPA","REFORMA POLITICA I","07-287",9,8
"1154","ALVARO OBREGON","ACUEDUCTO","10-002",NA,NA
"1155","ALVARO OBREGON","AGUILAS 3ER PARQUE","10-005",10,9
"1156","ALVARO OBREGON","ALFALFAR","10-008",NA,NA
"1157","ALVARO OBREGON","CRISTO REY","10-050",NA,NA
"1158","ALVARO OBREGON","EL CUERNITO","10-061",NA,NA
"1159","ALVARO OBREGON","GOLONDRINAS 1RA SECCION","10-080",NA,NA
"1160","ALVARO OBREGON","LOMAS DE BECERRA ARVIDE (U HAB)","10-126",NA,NA
"1161","ALVARO OBREGON","LOMAS DE CENTENARIO (U HAB)","10-129",NA,NA
"1162","ALVARO OBREGON","OCHO DE AGOSTO","10-161",7,NA
"1163","ALVARO OBREGON","PRADOS LA PROVIDENCIA","10-176",NA,NA
"1164","ALVARO OBREGON","TEPOPOTLA","10-212",NA,NA
"1165","TLALPAN","COLINAS DEL BOSQUE-LAS TORTOLAS","12-025",NA,NA
"1166","TLALPAN","MIRADOR 1A SECC","12-096",NA,NA
"1167","XOCHIMILCO","GUADALUPE","13-013",8,8
"1168","XOCHIMILCO","SAN ANTONIO (BARR)","13-036",6,6
"1169","BENITO JUAREZ","ACACIAS","14-001",NA,NA
"1170","AZCAPOTZALCO","FERRERIA (U HAB)","02-029",NA,NA
"1171","IZTAPALAPA","CHINAMPAS DE SANTA MA TOMATLAN","07-029",NA,NA
"1172","IZTAPALAPA","INSURGENTES","07-095",16,14
"1173","MIGUEL HIDALGO","LOMAS DE SOTELO","16-045",NA,NA
"1174","MIGUEL HIDALGO","MARINA NACIONAL (U HAB)","16-049",7,6
"1175","COYOACAN","COUNTRY CLUB","03-025",6,NA
"1176","GUSTAVO A. MADERO","SAN JOSE DE LA ESCALERA","05-153",8,7
"1177","IZTACALCO","CUCHILLA RAMOS MILLAN","06-007",9,9
"1178","IZTAPALAPA","NUEVA GENERACION (U HAB)","07-150",11,12
"1179","XOCHIMILCO","POTRERO DE SAN BERNARDINO","13-033",8,9
"1180","XOCHIMILCO","TLAXOPAN","13-072",11,8
"1181","MIGUEL HIDALGO","ANAHUAC MARIANO ESCOBEDO","16-010",11,11
"1182","MIGUEL HIDALGO","IRRIGACION","16-035",NA,NA
"1183","AZCAPOTZALCO","SAN RAFAEL","02-086",NA,NA
"1184","COYOACAN","EL ROSEDAL I","03-046",6,NA
"1185","GUSTAVO A. MADERO","ARBOLEDAS DE CUAUTEPEC","05-007",17,16
"1186","GUSTAVO A. MADERO","BENITO JUAREZ (AMPL)","05-012",NA,NA
"1187","IZTACALCO","TLAZINTLA","06-037",8,7
"1188","IZTAPALAPA","ALVARO OBREGON_(FRACC)","07-006",6,6
"1189","IZTAPALAPA","LA ERA","07-106",21,21
"1190","IZTAPALAPA","9 1/2 - FRANCISCO VILLA (EJERCITO CONSTITUCIONALISTA) (CONJ HAB)","07-257",9,6
"1191","ALVARO OBREGON","FLORIDA","10-073",NA,NA
"1192","ALVARO OBREGON","SAN PEDRO DE LOS PINOS","10-197",NA,NA
"1193","IZTAPALAPA","EL RODEO","07-058",6,NA
"1194","IZTAPALAPA","SANTA MARIA AZTAHUACAN (U HAB)","07-317",NA,NA
"1195","LA MAGDALENA CONTRERAS","INDEPENDENCIA BATAN NORTE (U HAB)","08-015",8,8
"1196","ALVARO OBREGON","LA CASCADA","10-097",NA,NA
"1197","TLALPAN","SAN BARTOLO EL CHICO","12-148",8,8
"1198","CUAUHTEMOC","ASTURIAS","15-002",NA,6
"1199","GUSTAVO A. MADERO","EL ARBOLILLO 2 (U HAB)","05-047",14,12
"1200","GUSTAVO A. MADERO","EL COYOL (U HAB)","05-050",9,8
"1201","GUSTAVO A. MADERO","LA PATERA-CONDOMODULOS (U HAB)","05-107",7,6
"1202","ALVARO OBREGON","CHIMALISTAC","10-042",NA,NA
"1203","ALVARO OBREGON","MIGUEL GAONA ARMENTA","10-153",13,11
"1204","MIGUEL HIDALGO","ANAHUAC DOS LAGOS","16-006",NA,NA
"1205","COYOACAN","SAN PABLO TEPETLAPA (PBLO)","03-105",15,14
"1206","GUSTAVO A. MADERO","CAMINO A SAN JUAN DE ARAGON (PBLO)","05-016",8,8
"1207","GUSTAVO A. MADERO","GUADALUPE PROLETARIA (AMPL)","05-073",8,8
"1208","GUSTAVO A. MADERO","HEROE DE NACOZARI","05-077",6,6
"1209","GUSTAVO A. MADERO","SAN PEDRO EL CHICO","05-167",NA,NA
"1210","IZTACALCO","SANTA CRUZ","06-033",7,7
"1211","IZTAPALAPA","BANJIDAL","07-012",NA,NA
"1212","IZTAPALAPA","JARDINES DE CHURUBUSCO","07-098",NA,NA
"1213","IZTAPALAPA","PARAJES BUENAVISTA (TETECON)","07-156",12,12
"1214","IZTAPALAPA","JOSE LOPEZ PORTILLO II","07-276",15,12
"1215","IZTAPALAPA","SANTA BARBARA (BARR) II","07-316",NA,NA
"1216","ALVARO OBREGON","EL CAPULIN","10-059",6,NA
"1217","ALVARO OBREGON","LA PRESA SECCION HORNOS","10-112",NA,NA
"1218","TLAHUAC","CUITLAHUAC","11-060",NA,NA
"1219","TLALPAN","VALLE ESCONDIDO","12-184",18,17
"1220","BENITO JUAREZ","ACTIPAN","14-002",7,6
"1221","MIGUEL HIDALGO","ANAHUAC LAGO NORTE","16-007",NA,NA
"1222","COYOACAN","IMAN 580 (U HAB)","03-055",NA,NA
"1223","COYOACAN","PEDREGAL DE LA ZORRA","03-087",NA,6
"1224","GUSTAVO A. MADERO","BELISARIO DOMINGUEZ","05-010",NA,NA
"1225","GUSTAVO A. MADERO","LA FORESTAL 2","05-100",8,7
"1226","GUSTAVO A. MADERO","VALLE DEL TEPEYAC","05-193",NA,NA
"1227","IZTAPALAPA","EJTO CONSTITUCIONALISTA, SUPERMANZANA II ( U HAB)","07-047",NA,6
"1228","IZTAPALAPA","VICENTE GUERRERO SUPER MANZANA 3 (U HAB)","07-244",NA,NA
"1229","LA MAGDALENA CONTRERAS","EL ERMITAO","08-006",NA,NA
"1230","MILPA ALTA","SAN JERONIMO MIACATLAN (PBLO)","09-005",13,15
"1231","ALVARO OBREGON","LOMAS DE CAPULIN","10-128",NA,NA
"1232","MIGUEL HIDALGO","ANAHUAC PERALITOS","16-011",NA,NA
"1233","AZCAPOTZALCO","NUEVA ESPAA","02-051",NA,NA
"1234","COYOACAN","EL RELOJ","03-045",9,9
"1235","COYOACAN","PARQUE SAN ANDRES","03-085",8,10
"1236","GUSTAVO A. MADERO","MALACATES","05-120",18,17
"1237","GUSTAVO A. MADERO","6 DE JUNIO","05-211",9,9
"1238","GUSTAVO A. MADERO","LA ESMERALDA II","05-253",8,6
"1239","IZTAPALAPA","LA ASUNCION (BARR)","07-104",17,13
"1240","IZTAPALAPA","POLVORILLA (AMPL)","07-115",16,13
"1241","LA MAGDALENA CONTRERAS","EL GAVILLERO","08-007",11,11
"1242","MILPA ALTA","SAN JUAN TEPENAHUAC (PBLO)","09-006",8,8
"1243","ALVARO OBREGON","TOLTECA","10-226",NA,NA
"1244","TLAHUAC","TIERRA Y LIBERTAD","11-051",NA,NA
"1245","COYOACAN","AJUSCO HUAYAMILPAS","03-003",NA,NA
"1246","COYOACAN","CIUDAD JARDIN","03-020",NA,NA
"1247","COYOACAN","CIUDAD UNIVERSITARIA","03-021",NA,NA
"1248","COYOACAN","COPILCO EL ALTO","03-022",NA,NA
"1249","COYOACAN","HACIENDAS DE COYOACAN (FRACC)","03-052",NA,NA
"1250","COYOACAN","LOS CIPRESES","03-072",8,7
"1251","COYOACAN","SANTA URSULA COYOACAN","03-110",NA,NA
"1252","COYOACAN","ALIANZA POPULAR REVOLUCIONARIA NORTE (U HAB)","03-131",12,12
"1253","GUSTAVO A. MADERO","FAJA DE ORO","05-058",11,10
"1254","GUSTAVO A. MADERO","SAN JOSE TICOMAN","05-154",11,11
"1255","IZTAPALAPA","BELLAVISTA (U HAB)","07-014",13,13
"1256","IZTAPALAPA","CUCHILLAS DEL MORAL (U HAB)","07-035",NA,NA
"1257","IZTAPALAPA","GRANJAS ESMERALDA","07-082",7,7
"1258","IZTAPALAPA","LA MAGUEYERA","07-111",11,9
"1259","IZTAPALAPA","MINAS POLVORILLA (U HAB)","07-140",NA,NA
"1260","IZTAPALAPA","PREDIO DEGOLLADO","07-161",14,12
"1261","IZTAPALAPA","SAN NICOLAS TOLENTINO I","07-198",6,7
"1262","IZTAPALAPA","SANTA MARIA TOMATLAN (PBLO)","07-214",15,15
"1263","IZTAPALAPA","STA ISABEL INDUSTRIAL","07-226",7,7
"1264","IZTAPALAPA","VALLE DE LUCES (U HAB)","07-236",12,8
"1265","IZTAPALAPA","VICENTE GUERRERO SUPER MANZANA 7 (U HAB)","07-248",7,6
"1266","IZTAPALAPA","12 DE DICIEMBRE","07-253",6,NA
"1267","IZTAPALAPA","SAN MIGUEL TEOTONGO IV","07-294",10,8
"1268","IZTAPALAPA","XALPA I","07-305",12,11
"1269","ALVARO OBREGON","GRAL A ROSALES","10-082",NA,NA
"1270","ALVARO OBREGON","LOMAS DE SANTO DOMINGO (AMPL)","10-142",NA,NA
"1271","TLAHUAC","GRANJAS CABRERA","11-011",NA,NA
"1272","TLAHUAC","JARDINES DEL LLANO-U.H. VILLA TLATEMPA","11-013",13,12
"1273","TLALPAN","GRANJAS COAPA","12-050",NA,NA
"1274","TLALPAN","PARRES EL GUARDA (PBLO)","12-115",8,8
"1275","TLALPAN","VERANO","12-186",NA,NA
"1276","XOCHIMILCO","BOSQUE RESIDENCIAL DEL SUR (FRACC)","13-005",NA,NA
"1277","XOCHIMILCO","CERRO GRANDE","13-008",7,7
"1278","XOCHIMILCO","JOYA DE VARGAS","13-016",7,7
"1279","XOCHIMILCO","OLIVAR SANTA MARIA","13-031",10,10
"1280","XOCHIMILCO","SAN CRISTOBAL (BARR)","13-038",8,8
"1281","BENITO JUAREZ","CENTRO URBANO PRESIDENTE ALEMAN (U HAB)","14-008",NA,NA
"1282","CUAUHTEMOC","SANTA MARIA (U HAB)","15-028",NA,NA
"1283","MIGUEL HIDALGO","HUICHAPAN","16-033",NA,NA
"1284","AZCAPOTZALCO","DEMET (U HAB)","02-019",NA,6
"1285","COYOACAN","CANAL NACIONAL 260 (U HAB)","03-015",6,NA
"1286","GUSTAVO A. MADERO","AHUEHUETES","05-003",9,8
"1287","ALVARO OBREGON","SANTA LUCIA REACOMODO","10-201",10,10
"1288","XOCHIMILCO","LA NORIA TEPEPAN","13-023",9,8
"1289","AZCAPOTZALCO","UN HOGAR PARA CADA TRABAJADOR","02-107",NA,NA
"1290","COYOACAN","CAMPESTRE COYOACAN (FRACC)","03-013",NA,NA
"1291","GUSTAVO A. MADERO","CASTILLO CHICO","05-020",NA,NA
"1292","GUSTAVO A. MADERO","EX-ESCUELA DE TIRO","05-056",NA,NA
"1293","GUSTAVO A. MADERO","LA JOYITA","05-103",14,13
"1294","GUSTAVO A. MADERO","MAXIMINO AVILA CAMACHO","05-126",NA,NA
"1295","IZTACALCO","EL RODEO","06-008",12,12
"1296","IZTAPALAPA","DEGOLLADO","07-038",NA,NA
"1297","IZTAPALAPA","LA NUEVA ROSITA","07-112",13,12
"1298","LA MAGDALENA CONTRERAS","LAS CALLES (BARR)","08-026",NA,NA
"1299","LA MAGDALENA CONTRERAS","PLAZUELA DEL PEDREGAL","08-035",NA,NA
"1300","ALVARO OBREGON","RINCON DE LA BOLSA","10-190",NA,NA
"1301","ALVARO OBREGON","VALENTIN GOMEZ FARIAS","10-235",NA,NA
"1302","XOCHIMILCO","CRISTO REY","13-009",NA,NA
"1303","MIGUEL HIDALGO","CHAPULTEPEC MORALES (POLANCO)","16-021",NA,NA
"1304","AZCAPOTZALCO","NEXTENGO (BARR)","02-049",NA,NA
"1305","COYOACAN","STUNAM CULHUACAN (U HAB)","03-112",NA,NA
"1306","COYOACAN","CTM IX CULHUACAN 32-33 (U HAB)","03-156",NA,NA
"1307","GUSTAVO A. MADERO","TLACAELEL","05-182",10,10
"1308","GUSTAVO A. MADERO","TORRES DE SAN JUAN (U HAB)","05-186",NA,NA
"1309","IZTAPALAPA","COLONIAL IZTAPALAPA (FRACC)","07-031",7,7
"1310","IZTAPALAPA","SANTA MARIA TOMATLAN (AMPL)","07-213",8,8
"1311","TLAHUAC","LA TURBA","11-020",17,15
"1312","TLALPAN","LOS  ENCINOS","12-087",NA,NA
"1313","TLALPAN","LOS PASTORES","12-088",NA,NA
"1314","TLALPAN","MIRADOR 2A y 3A SECC","12-097",NA,NA
"1315","VENUSTIANO CARRANZA","CANDELARIA DELOS PATOS (U HAB)","17-011",NA,NA
"1316","AZCAPOTZALCO","SANTA CRUZ ACAYUCAN (PBLO)","02-092",NA,NA
"1317","IZTACALCO","INPI PICOS","06-013",10,10
"1318","IZTACALCO","PICOS IZTACALCO 2A","06-025",NA,NA
"1319","IZTAPALAPA","SAN LORENZO TEZONCO II (U HAB)","07-193",NA,NA
"1320","IZTAPALAPA","VICENTE GUERRERO SUPER MANZANA 1 (U HAB)","07-242",14,14
"1321","TLALPAN","LA PALMA","12-075",NA,NA
"1322","TLALPAN","MIRADOR II","12-101",NA,NA
"1323","TLALPAN","SOLIDARIDAD","12-166",NA,NA
"1324","TLALPAN","ZAPOTE-LUIS DONALDO COLOSIO (U HABS)","12-204",6,6
"1325","CUAUHTEMOC","HIPODROMO CONDESA","15-016",7,6
"1326","AZCAPOTZALCO","TIERRA NUEVA","02-103",NA,NA
"1327","GUSTAVO A. MADERO","HEROES DE CHAPULTEPEC","05-078",NA,NA
"1328","GUSTAVO A. MADERO","JOSE MARIA MORELOS Y PAVON II (U HAB)","05-089",NA,NA
"1329","GUSTAVO A. MADERO","LUIS DONALDO COLOSIO","05-118",8,9
"1330","IZTACALCO","FRACCIONAMIENTO COYUYA","06-005",NA,NA
"1331","IZTAPALAPA","MINERVA","07-141",NA,NA
"1332","MILPA ALTA","SAN AGUSTIN OHTENCO (PBLO)","09-001",NA,NA
"1333","ALVARO OBREGON","ABRAHAM GONZALEZ","10-001",NA,NA
"1334","ALVARO OBREGON","LA MEXICANA (AMPL)","10-013",NA,NA
"1335","ALVARO OBREGON","COOPERATIVA CEHUAYO","10-046",NA,NA
"1336","ALVARO OBREGON","OCOTILLOS","10-162",7,7
"1337","ALVARO OBREGON","2DA EL PIRUL (AMPL)","10-245",NA,NA
"1338","TLALPAN","EL DIVISADERO","12-037",NA,NA
"1339","TLALPAN","FLORESTA-PRADO-VERGEL COAPA","12-043",6,6
"1340","TLALPAN","LA LIBERTAD - IXTLAHUACA","12-073",NA,NA
"1341","XOCHIMILCO","EL ROSARIO (BARR)","13-012",NA,NA
"1342",NA,NA,"13-025",9,10
"1343","MIGUEL HIDALGO","PENSIL SUR","16-062",NA,NA
"1344","COYOACAN","PEDREGAL DE SAN ANGEL (AMPL)","03-088",NA,NA
"1345","COYOACAN","PRADOS DE COYOACAN","03-095",NA,NA
"1346","GUSTAVO A. MADERO","MARTIRES DE RIO BLANCO (AMPL)","05-125",6,6
"1347","GUSTAVO A. MADERO","51 LEGISLATURA","05-210",NA,NA
"1348","IZTACALCO","EX EJIDOS DE LA MAGDALENA MIXIHUCA","06-009",NA,NA
"1349","IZTAPALAPA","EL MANTO PLAN DE IGUALA","07-052",NA,NA
"1350","IZTAPALAPA","LOMAS ESTRELLA 1A SECC (FRACC)","07-128",NA,NA
"1351","ALVARO OBREGON","MARGARITA M DE JUAREZ","10-148",NA,NA
"1352","ALVARO OBREGON","PROF JOSE ARTURO LOPEZ","10-181",9,9
"1353","TLAHUAC","EL TRIANGULO","11-007",6,7
"1354","TLALPAN","SAN PEDRO APOSTOL (BARR)","12-159",NA,NA
"1355","VENUSTIANO CARRANZA","MICHOACANA","17-039",NA,NA
"1356","VENUSTIANO CARRANZA","MICHOACANA (AMPL)","17-040",7,7
"1357","VENUSTIANO CARRANZA","PINO (U HAB)","17-049",NA,NA
"1358","COYOACAN","INTEGRACION LATINOAMERICANA (U HAB)","03-060",NA,NA
"1359","GUSTAVO A. MADERO","AIDEE SOLS CRDENAS-MATAS ROMERO (U HAB)","05-004",NA,NA
"1360","GUSTAVO A. MADERO","INDECO (U HAB)","05-080",13,10
"1361","GUSTAVO A. MADERO","PARQUE METROPOLITANO","05-135",8,7
"1362","IZTACALCO","LA ASUNCION","06-016",6,NA
"1363","IZTACALCO","PICOS IZTACALCO 1B","06-024",NA,NA
"1364","IZTAPALAPA","LA COLMENA","07-105",7,7
"1365","IZTAPALAPA","LOS CIPRESES","07-132",NA,NA
"1366","ALVARO OBREGON","AGUILAS PILARES","10-006",NA,NA
"1367","XOCHIMILCO","INFONAVIT PROLONGACION DIVISION DEL NORTE (U HAB)","13-080",NA,NA
"1368","MIGUEL HIDALGO","MILITAR 1 K LOMAS DE SOTELO (U HAB)","16-051",NA,NA
"1369","AZCAPOTZALCO","DEL MAESTRO","02-017",NA,NA
"1370","COYOACAN","PRESIDENTES EJIDALES PRIMERA SECCION","03-096",NA,NA
"1371","GUSTAVO A. MADERO","SAN MIGUEL CUAUTEPEC","05-165",NA,NA
"1372","GUSTAVO A. MADERO","VISTA HERMOSA","05-202",7,6
"1373","IZTACALCO","JARDINES TECMA","06-014",NA,NA
"1374","IZTAPALAPA","REAL DEL MORAL (FRACC)","07-169",NA,NA
"1375","IZTAPALAPA","SAN JUAN 2A AMPLIACIN (PJE)","07-184",8,8
"1376","LA MAGDALENA CONTRERAS","IXTLAHUALTONGO","08-019",NA,NA
"1377","ALVARO OBREGON","LA PALMITA","10-109",6,6
"1378","TLAHUAC","TIERRA BLANCA","11-050",7,6
"1379","TLALPAN","CLUB DE GOLF MEXICO-SAN BUENAVENTURA","12-023",NA,NA
"1380","COYOACAN","EL CENTINELA","03-042",NA,NA
"1381","IZTAPALAPA","LOMAS DE SANTA CRUZ MEYEHUALCO","07-124",9,7
"1382","TLAHUAC","LA JOYITA","11-017",NA,NA
"1383","TLALPAN","NARCISO MENDOZA-VILLA COAPA SUPER MANZANA 2 (U HAB)","12-104",NA,NA
"1384","MIGUEL HIDALGO","POPO","16-066",NA,NA
"1385","COYOACAN","PETROLERA TAXQUEA","03-092",NA,NA
"1386","GUSTAVO A. MADERO","TLACAMACA","05-183",7,NA
"1387","IZTACALCO","MOSCO CHINAMPA","06-020",NA,NA
"1388","IZTAPALAPA","LAS PEAS II","07-314",NA,NA
"1389","ALVARO OBREGON","EL POCITO","10-066",7,NA
"1390","ALVARO OBREGON","TORRES DE MIXCOAC (U HAB)","10-227",NA,NA
"1391","TLAHUAC","EMILIANO ZAPATA 1A","11-008",NA,NA
"1392","COYOACAN","SANTA CATARINA (BARR)","03-106",6,7
"1393","CUAJIMALPA DE MORELOS","LA RETAMA","04-042",6,6
"1394","GUSTAVO A. MADERO","ARBOLEDAS DE CUAUTEPEC (AMPL)","05-008",NA,NA
"1395","GUSTAVO A. MADERO","LA PRADERA II (U HAB)","05-110",NA,NA
"1396","IZTAPALAPA","ARBOLEDAS","07-010",NA,NA
"1397","IZTAPALAPA","FUERTE DE LORETO - LA ANTENA (U HAB)","07-079",6,6
"1398","ALVARO OBREGON","LOMAS DE SAN ANGEL INN","10-139",NA,NA
"1399","TLALPAN","LOMAS DE CUILOTEPEC","12-080",NA,NA
"1400","TLALPAN","TENORIOS INFONAVIT 1 Y 2 (U HAB)","12-168",NA,NA
"1401","CUAUHTEMOC","SANTA MARIA INSURGENTES","15-029",6,6
"1402","VENUSTIANO CARRANZA","EMILIANO ZAPATA (U HAB)","17-024",NA,NA
"1403","COYOACAN","VILLA PANAMERICANA 4TA. SECCIN (U HAB)","03-118",NA,NA
"1404","GUSTAVO A. MADERO","JAIME S EMILIANO G","05-085",NA,NA
"1405","IZTAPALAPA","SIERRA DEL VALLE","07-222",7,6
"1406","LA MAGDALENA CONTRERAS","LAS HUERTAS","08-028",NA,NA
"1407","TLAHUAC","TEPANTITLAMILCO","11-048",NA,NA
"1408","TLALPAN","LA JOYA","12-072",NA,NA
"1409","TLALPAN","PRADO COAPA 3A SECCION-POTRERO ACOXPA","12-131",NA,NA
"1410","AZCAPOTZALCO","CUITLHUAC 1 Y 2 (U HAB)","02-013",NA,NA
"1411","COYOACAN","PEDREGAL DEL MAUREL","03-091",NA,NA
"1412","GUSTAVO A. MADERO","SAN RAFAEL TICOMAN (BARR)","05-169",NA,NA
"1413","IZTAPALAPA","CARMEN SERDAN ( U HAB)","07-024",NA,NA
"1414","ALVARO OBREGON","LOS GAMITOS","10-147",NA,NA
"1415","TLALPAN","SN JUAN  TEPEXIMILPA (AMPL)","12-152",NA,NA
"1416","COYOACAN","LAS CAMPANAS","03-069",7,6
"1417","GUSTAVO A. MADERO","C T M ARAGON AMPLIACION (U)","05-015",NA,NA
"1418","GUSTAVO A. MADERO","FERNANDO CASAS ALEMAN","05-059",NA,NA
"1419","IZTAPALAPA","ART 4TO CONSTITUCIONAL (U HAB)","07-011",NA,NA
"1420","IZTAPALAPA","EL MOLINO_","07-055",NA,NA
"1421","IZTAPALAPA","SAN FRANCISCO APOLOCALCO","07-179",NA,NA
"1422","ALVARO OBREGON","AVE REAL","10-022",NA,NA
"1423","ALVARO OBREGON","DOS RIOS","10-053",NA,NA
"1424","ALVARO OBREGON","SAN ANGEL INN","10-193",NA,NA
"1425","ALVARO OBREGON","BELEN DE LAS FLORES_","10-249",NA,NA
"1426","TLAHUAC","ATOTOLCO","11-059",NA,NA
"1427","TLALPAN","NARCISO MENDOZA-VILLA COAPA SUPER MANZANA 7 (U HAB)","12-107",NA,NA
"1428","XOCHIMILCO","LA CAADA","13-018",NA,NA
"1429","BENITO JUAREZ","MERCED GOMEZ","14-023",NA,NA
"1430","MIGUEL HIDALGO","ANAHUAC LAGO SUR","16-008",6,6
"1431","MIGUEL HIDALGO","FRANCISCO I MADERO","16-030",NA,NA
"1432","IZTAPALAPA","CONCORDIA ZARAGOZA (U HAB)","07-032",7,6
"1433","IZTAPALAPA","ESTRELLA CULHUACAN","07-073",NA,NA
"1434","TLALPAN","VALLE VERDE","12-185",NA,NA
"1435","CUAJIMALPA DE MORELOS","ADOLFO LOPEZ MATEOS","04-002",NA,NA
"1436","GUSTAVO A. MADERO","LA FORESTAL 3","05-101",NA,NA
"1437","GUSTAVO A. MADERO","SCT (U HAB)","05-175",NA,NA
"1438","IZTAPALAPA","VERACRUZANA (AMPL)","07-241",9,9
"1439","ALVARO OBREGON","LA HERRADURA","10-101",NA,NA
"1440","XOCHIMILCO","SAN JOSE LAS PERITAS","13-044",NA,NA
"1441","VENUSTIANO CARRANZA","7 DE JULIO (AMPL)","17-071",NA,NA
"1442","COYOACAN","VILLA PANAMERICANA 1ERA. SECCIN (U HAB)","03-115",NA,NA
"1443","COYOACAN","VILLA PANAMERICANA 5TA. SECCIN (U HAB)","03-119",NA,NA
"1444","COYOACAN","EL ROSEDAL II","03-149",NA,NA
"1445","GUSTAVO A. MADERO","EMILIANO ZAPATA (AMPL)","05-053",NA,NA
"1446","IZTAPALAPA","PROGRESO DEL SUR","07-165",NA,NA
"1447","ALVARO OBREGON","LOMAS DE GUADALUPE","10-131",NA,NA
"1448","ALVARO OBREGON","PRIVADA CENTENARIO","10-180",NA,NA
"1449","AZCAPOTZALCO","AMPLIACION PETROLERA","02-003",6,7
"1450","COYOACAN","ROMERO DE TERREROS","03-098",NA,NA
"1451","MIGUEL HIDALGO","CHAPULTEPEC POLANCO (POLANCO)","16-022",NA,NA
"1452","MIGUEL HIDALGO","UN HOGAR PARA NOSOTROS","16-082",NA,NA
"1453","AZCAPOTZALCO","ROSENDO SALAZAR (CONJ HAB)","02-068",NA,NA
"1454","AZCAPOTZALCO","XOCHINAHUAC (U HAB)","02-110",NA,NA
"1455","COYOACAN","CENTRO URBANO TLALPAN (U HAB)","03-018",NA,NA
"1456","GUSTAVO A. MADERO","SOLIDARIDAD NACIONAL","05-177",NA,NA
"1457","GUSTAVO A. MADERO","TORRES LINDAVISTA (FRACC)","05-188",NA,NA
"1458","IZTAPALAPA","SAN JOSE BUENAVISTA","07-183",NA,NA
"1459","ALVARO OBREGON","BALCONES DE CEHUAYO","10-025",NA,NA
"1460","TLALPAN","RINCON LAS HADAS-VILLA ROYALE-FUENTES Y ARCONADA COAPA","12-142",NA,NA
"1461","XOCHIMILCO","LA CEBADA","13-019",NA,NA
"1462","COYOACAN","ATLANTIDA","03-007",NA,NA
"1463","GUSTAVO A. MADERO","EDUARDO MOLINA I (U HAB)","05-041",NA,NA
"1464","IZTAPALAPA","ALLEPETLALI (U HAB)","07-004",NA,NA
"1465","IZTAPALAPA","SANTA MARIA TOMATLAN","07-212",NA,NA
"1466","TLALPAN","GRANJAS COAPA ORIENTE","12-051",NA,NA
"1467","VENUSTIANO CARRANZA","PROGRESISTA","17-052",NA,NA
"1468","IZTAPALAPA","GRANJAS ESTRELLA II","07-084",NA,NA
"1469","IZTAPALAPA","RICARDO FLORES MAGON","07-172",NA,NA
"1470","ALVARO OBREGON","LOMAS DE TETELPAN","10-144",NA,NA
"1471","MIGUEL HIDALGO","IGNACIO MANUEL ALTAMIRANO","16-034",NA,NA
"1472","COYOACAN","SANTA CECILIA","03-107",NA,NA
"1473","COYOACAN","MONTE DE PIEDAD","03-151",NA,NA
"1474","IZTAPALAPA","USCOVI (U HAB)","07-235",NA,NA
"1475","ALVARO OBREGON","GARCIMARRERO REACOMODO","10-078",NA,NA
"1476","GUSTAVO A. MADERO","SIETE MARAVILLAS","05-176",NA,NA
"1477","ALVARO OBREGON","ALCANTARILLA","10-007",NA,NA
"1478","ALVARO OBREGON","ARBOLEDAS POLITOCO","10-015",NA,NA
"1479","TLAHUAC","TEOZOMA","11-047",NA,NA
"1480","GUSTAVO A. MADERO","INFONAVIT CAMINO SAN JUAN DE ARAGON (U HAB)","05-083",NA,NA
"1481","TLALPAN","XAXALIPAC","12-201",NA,NA
"1482","IZTAPALAPA","EL EDEN","07-050",NA,NA
"1483","ALVARO OBREGON","ACUILOTLA","10-003",NA,NA
"1484","IZTACALCO","CUCHILLA AGRICOLA ORIENTAL","06-006",NA,NA
"1485","ALVARO OBREGON","CANUTILLO PREDIO LA PRESA","10-039",NA,NA
"1486","AZCAPOTZALCO","SAN PABLO 396-CONJ HAB SAN PABLO (U HAB)","02-083",NA,NA
"1487","COYOACAN","EMILIANO ZAPATA","03-048",NA,NA
"1488","ALVARO OBREGON","TEPEACA","10-210",NA,NA
"1489","ALVARO OBREGON","TIZAMPAMPANO","10-216",NA,NA
"1490","XOCHIMILCO","LA GUADALUPITA (BARR)","13-022",7,6
"1491","TLAHUAC","TEZONTITLA-ZOMPANTITLA","11-049",NA,NA
"1492","XOCHIMILCO","LA SANTISIMA (BARR)","13-024",NA,NA
"1493","IZTAPALAPA","SIDERAL","07-221",NA,NA
"1494","ALVARO OBREGON","LA LOMA","10-104",NA,NA
"1495","TLALPAN","DOLORES TLALI","12-034",NA,NA
"1496","XOCHIMILCO","BELEM (BARR)","13-004",NA,NA
"1497","COYOACAN","CANAL NACIONAL (U HAB)","03-014",8,8
"1498","ALVARO OBREGON","LA HUERTA","10-102",NA,NA
"1499","ALVARO OBREGON","PUNTA DE CEHUAYO","10-186",NA,NA
"1500","XOCHIMILCO","SAN LORENZO","13-006",NA,NA
"1501","XOCHIMILCO","SAN FRANCISCO CHIQUIMOLA","13-041",NA,NA
"1502","AZCAPOTZALCO","SAN SALVADOR XOCHIMANCA","02-087",NA,NA
"1503","TLALPAN","LA FAMA","12-070",NA,NA
"1504","TLALPAN","LOMAS DE TEPEMECATL","12-222",NA,NA
"1505","MIGUEL HIDALGO","MANUEL AVILA CAMACHO","16-048",NA,NA
"1506","MIGUEL HIDALGO","SANTO TOMAS","16-076",NA,NA
"1507","AZCAPOTZALCO","TLATILCO (U HAB)","02-105",NA,NA
"1508","COYOACAN","EX EJIDO SAN FRANCISCO CULHUACAN II","03-157",NA,NA
"1509","IZTAPALAPA","JOSE MA MORELOS Y PAVON (U HAB)","07-101",NA,NA
"1510","ALVARO OBREGON","EL ARBOL","10-054",NA,NA
"1511","TLAHUAC","EMILIANO ZAPATA 2A","11-009",NA,NA
"1512","IZTAPALAPA","M MAZA DE JUAREZ (U HAB)","07-136",NA,NA
"1513","IZTAPALAPA","MEXICALTZINGO (PBLO)","07-138",NA,NA
"1514","IZTAPALAPA","TULA (BARR)","07-234",NA,NA
"1515","ALVARO OBREGON","GRAL C  A  MADRAZO","10-083",NA,NA
"1516","TLALPAN","DIAMANTE","12-033",NA,NA
"1517","TLALPAN","LOMA BONITA-AMPLIACION TEPEXIMILPA","12-221",NA,NA
"1518","AZCAPOTZALCO","IGNACIO ALLENDE","02-035",9,8
"1519","TLALPAN","NARCISO MENDOZA-VILLA COAPA SUPER MANZANA 6 (U HAB)","12-106",NA,NA
"1520","BENITO JUAREZ","ERMITA","14-013",NA,NA
"1521","COYOACAN","LOS SAUCES (FRACC)","03-080",NA,NA
"1522","ALVARO OBREGON","LOMAS DE SANTO DOMINGO","10-141",NA,NA
"1523","TLALPAN","CONDOMINIO DEL BOSQUE (FRACC)-BOSQUE DE TLALPAN","12-026",NA,NA
"1524","TLALPAN","TEPETLICA EL ALTO-3 DE MAYO","12-170",NA,NA
"1525","IZTAPALAPA","DEGOLLADO CHICO","07-039",NA,NA
"1526","BENITO JUAREZ","MIGUEL ALEMAN","14-024",NA,NA
"1527","AZCAPOTZALCO","HOGARES FERROCARRILEROS (U HAB)","02-033",NA,NA
"1528","ALVARO OBREGON","EL MIRADOR","10-062",NA,NA
"1529","TLALPAN","NUEVO RENACIMIENTO DE AXALCO","12-110",12,9
"1530","TLALPAN","RANCHO LOS COLORINES (FRACC)","12-136",NA,NA
"1531","TLALPAN","RINCONADA (U HAB)","12-143",NA,NA
"1532","AZCAPOTZALCO","NUEVA EL ROSARIO","02-050",NA,NA
"1533","CUAJIMALPA DE MORELOS","CORREDOR SANTA FE","04-012",6,6
"1534","GUSTAVO A. MADERO","GUADALUPE VICTORIA","05-075",NA,NA
"1535","GUSTAVO A. MADERO","INFONAVIT (U HAB)","05-082",NA,NA
"1536","IZTAPALAPA","F P F V (PREDIO EL MOLINO) ( U HAB)","07-075",NA,NA
"1537","ALVARO OBREGON","EL BOSQUE 2DA SECCION (AMPL)","10-057",NA,NA
"1538","TLALPAN","TECORRAL","12-167",NA,NA
"1539","COYOACAN","SAN DIEGO CHURUBUSCO","03-100",NA,NA
"1540","GUSTAVO A. MADERO","FOVISSTE ARAGON (U HAB)","05-057",NA,NA
"1541","IZTAPALAPA","GRANJAS ESTRELLA III","07-085",NA,NA
"1542","ALVARO OBREGON","CAMPO DE TIRO LOS GAMITOS","10-035",6,NA
"1543","COYOACAN","MEDIA LUNA","03-081",NA,NA
"1544","ALVARO OBREGON","ARVIDE","10-019",NA,NA
"1545","ALVARO OBREGON","PONCIANO ARRIAGA","10-175",6,NA
"1546","CUAJIMALPA DE MORELOS","MEMETLA","04-035",NA,NA
"1547","MIGUEL HIDALGO","SAN LORENZO TLALTENANGO","16-074",NA,NA
"1548","CUAJIMALPA DE MORELOS","CRUZ BLANCA","04-011",NA,NA
"1549","IZTAPALAPA","GUELATAO DE JUAREZ II (U HAB)","07-090",NA,NA
"1550","IZTAPALAPA","PURISIMA ATLAZOLPA","07-167",6,6
"1551","ALVARO OBREGON","LA MILAGROSA","10-107",NA,NA
"1552","ALVARO OBREGON","LA PERA XOCHINAHUAC (U HAB)","10-110",NA,NA
"1553","TLALPAN","SECCION XVI","12-165",NA,NA
"1554","IZTAPALAPA","BARRANCAS DE GUADALUPE","07-013",NA,NA
"1555","MIGUEL HIDALGO","POLANCO REFORMA (POLANCO)","16-065",8,8
"1556","CUAJIMALPA DE MORELOS","AMADO NERVO","04-005",8,7
"1557","ALVARO OBREGON","ESTADO DE HIDALGO (AMPL)","10-070",6,6
